Id,~이름,MonsterCategories,FactionId,MonsterType,BasePhaseMonsterId,Phase,DeadDuration,BossDetectionRange,BossBgm,IgnoreReceiveAggroSpreadEvent,~,Atk,~,Def,AtkSpeed,~,MoveSpeed,WalkAnimation1xSpeed,OnCombatBuffIds,OnCuriousBuffIds,~,~,Hp,HpRegen,WeakpointGaugeHpPercent,FireResistancePercent,WaterResistancePercent,WindResistancePercent,ActiveSkillIds,PassiveSkillIds,GlobalSkillCoolTime,RespawnTime,DropRewardGroupId,SightAngle,BattleSightRangePercent,~,SightRange,SightBackRange,~,~,~,IgnoreObstaclesForDetection,TargetHighStressPlayer,StartMoveToTargetRange,EndMoveToTargetRange,KiteStartRange,KiteEndRange,WanderRange,FleeHpPercent,FleeDuration,FleeCooltime,FleePercent,PauseStatePercent,PauseStateDuration,AvoidRange,AvoidStatePercent,AvoidStateDuration,DyingSfx,SpawnSfx,SpawnVfx,SpawnVfxOffsetY,SpawnDelay,HitSfx,HitSfxPercent,RecoveryStressAmountOnDead,RecoveryStressRangeOnDead,SummonMonsterLimit,LightBuffId,LightStackBuffId,BackAttackAngle,OutlineType,SpeedTag,SightTag
int,참조,EMonsterCategory[],int,EMonsterType,int,int,float,float,string,bool,0.75,int,0.8,int,float,0.7,float,float,int[],int[],"0=50%,1=200%,2=250%,11=1.3,12=0.9,13=2,14=0.2,15=0.5,16=0.35",,int,float,float,float,float,float,int[],int[],float,int,int,float,float,,float,float,,,,bool,bool,float,float,float,float,float,float,float,int,float,float,float,float,float,float,string,string,string,float,float,string,float,int,float,int,int[],int[],float,EOutlineType,ESpeedTag,ESightTag
200001,야마이누,Beast,-1,Normal,-1,-1,0,0,,FALSE,142,189,100,125,1,1.4,2.0999999999999996,1.4,60000|60011,60100,2.7,4.050000000000001,590,2,30,0,-25,0,20000000|20000050|20000001,,3,180,-1,150,270,8.91,3.3,1.3,0.5850000000000001,0.2,0.38500000000000006,FALSE,TRUE,2.2,1.8,0,0,3,50,2,2,10,30,1,3.5,50,1.5,Yamainu_Die,Summon_Normal,EnemySummon,0.25,0.3,Yamainu_Hit,30,0,-1,0,3000003,3000002,120,Enemy,Fast,Normal
200002,사도,Human,-1,Normal,-1,-1,0,0,,FALSE,154,205,100,125,1,1.3,2,1.3,,60100,1.3,,900,2,25,0,0,-25,20000100|20000102,,3.5,210,-1,150,270,9.45,3.5,1.4,0.63,0.3,0.33,FALSE,FALSE,6.4,5,3,5.5,1.5,70,2,2,20,30,1.5,2,50,0.8,Acolyte_Die,Summon_Normal,EnemySummon2.5,0.35,0.3,Acolyte_Hit,35,0,-1,0,3000003,3000002,120,Enemy,Slow,Normal
200003,경찰 좀비,Blasphemy,-1,Normal,-1,-1,0,0,,FALSE,156,208,100,125,1,0.2,0.8999999999999999,1.2,60012,60101,1.1,,900,2,25,-25,0,0,20000200|20000201|20000202,,2.5,210,-1,150,270,9.45,3.5,1.4,0.63,0.3,0.33,FALSE,FALSE,5,4,2,5,2,0,0,2,0,30,2,1,50,0.8,ZombiePolice_Die,Summon_Normal,EnemySummon2.5,0.35,0.3,Zombie_Hit,35,0,-1,0,3000003,3000002,120,Enemy,Slow,Normal
200004,순찰유령(마을),Eldritch,-1,Normal,-1,-1,0,0,,TRUE,196,261,100,125,1,1.3,2,1.5,60015,60100,1.8,,650,1,25,0,0,-25,20060000|20060001|20060002,40010003,10,240,-1,150,270,10.26,3.8,1.9,0.855,0.44,0.415,FALSE,FALSE,10,5,2,5,8,75,2,2,35,0,0,3,75,2,BigEye_Die,Summon_Normal,EnemySummon2,0.54,0.3,BigEye_Hit,40,2,-1,5,3000003,3000002,120,Enemy,Normal,Wide
200005,인형탈,Machine,-1,Normal,-1,-1,0,0,,FALSE,163,217,100,125,1,0.2,0.8999999999999999,1.5,60000|60013,60101,2.2,3.3000000000000003,1170,3,25,0,-25,0,20000300|20000301|20000050|20000302,,2.5,210,-1,150,270,9.45,3.5,1.4,0.63,0.25,0.38,FALSE,TRUE,1,0.8,0,0,3,50,2,2,5,30,1,2,50,1.5,Mascot_Die,Summon_Normal,EnemySummon2.5,0.35,0.3,Mascot_Hit,35,0,-1,0,3000003,3000002,120,Enemy,Normal,Normal
200006,빅맨,Blasphemy,-1,Normal,-1,-1,0,0,,FALSE,190,253,120,150,1,1.2,1.9,1.5,60016,60100,1.5499999999999998,,2200,6,20,-25,0,0,21002000|21002001,40010004,3.5,300,-1,150,270,9.45,3.5,2,0.9,0.78,0.12,FALSE,TRUE,2.7,1.75,0,0,3,50,0,2,0,30,2,0,0,0,Bigman_Die,Summon_Normal,EnemySummon3.5,0.55,0.3,Bigman_Hit,35,3,5,0,3000003,3000002,120,Enemy,Slow,Normal
200007,평사도,Human|Eldritch,-1,Normal,-1,-1,0,0,,FALSE,156,208,100,125,1,1.1,1.8,1.5,60000|60012,60100,2,3,1000,3,25,0,0,-25,20000600|20000050|20000601,,3,180,-1,150,270,9.45,3.5,1.4,0.63,,0.63,FALSE,TRUE,1,0.8,0,0,3.5,30,2,2,10,30,1,1,50,0.5,Zealot_Die,Summon_Normal,EnemySummon2.5,0.25,0.3,Zealot_Hit,35,0,-1,0,3000003,3000002,120,Enemy,Normal,Normal
200008,고위사도,Eldritch,-1,Normal,-1,-1,0,0,,FALSE,178,237,120,150,1,0.5,1.2,1.5,60011,60101,1.8,,2050,5,20,0,0,-25,20000500|20000501|20000502,40010004,3,300,-1,150,270,9.45,3.5,1.6,0.7200000000000001,0.45,0.2700000000000001,FALSE,TRUE,1.3,1.1,0,0,1.5,25,0,2,0,30,1.5,1,50,0.5,HighAcolyte_Die,Summon_Normal,EnemySummon3.5,0.55,0.3,HighAcolyte_Hit,35,3,5,0,3000003,3000002,95,Enemy,Normal,Normal
200011,좀비(단발여성),Blasphemy,-1,Normal,-1,-1,0,0,,FALSE,146,194,100,125,1,0.3,1,0.4,60012,60101,1.2,,720,1,30,-25,0,0,20000401|20000407,,1,180,-1,150,270,8.1,3,1.3,0.5850000000000001,0.2,0.38500000000000006,FALSE,FALSE,0.9,0.6,0,0,2,50,0,2,0,30,1.5,0,0,0,Zombie_Female_Die,Summon_Normal,EnemySummon2,0.3,0.3,Zombie_Female_Hit,30,0,-1,0,3000003,3000002,120,Enemy,Slow,Narrow
200012,좀비(장발여성),Blasphemy,-1,Normal,-1,-1,0,0,,FALSE,146,194,100,125,1,0.35,1.0499999999999998,0.4,60001|60014,60101,0.55,1.6500000000000001,650,1,30,-25,0,0,20000400|20000406,,1,180,-1,150,270,8.1,3,1.3,0.5850000000000001,0.2,0.38500000000000006,FALSE,FALSE,2.1,1.7,0,0,2,50,0,2,0,30,1.5,0,0,0,Zombie_Female_Die2,Summon_Normal,EnemySummon2,0.3,0.3,Zombie_Female_Hit,30,0,-1,0,3000003,3000002,120,Enemy,Slow,Narrow
200013,좀비(대머리남성),Blasphemy,-1,Normal,-1,-1,0,0,,FALSE,146,194,100,125,1,0.35,1.0499999999999998,0.4,60014,60101,0.55,,780,2,25,-25,0,0,20000402|20000405,,1,180,-1,150,270,8.1,3,1.3,0.5850000000000001,0.2,0.38500000000000006,FALSE,FALSE,1.4,1.3,0,0,2,50,0,2,0,30,1.5,0,0,0,Zombie_Male_Die,Summon_Normal,EnemySummon2,0.3,0.3,Zombie_Hit2,30,0,-1,0,3000003,3000002,120,Enemy,Slow,Narrow
200014,좀비(안전모),Blasphemy,-1,Normal,-1,-1,0,0,,FALSE,146,194,110,138,1,0.5,1.2,0.4,60015,60101,1,,870,2,25,-25,0,0,20000403|20000407,40010004,1,180,-1,150,270,8.1,3,1.3,0.5850000000000001,0.2,0.38500000000000006,FALSE,FALSE,0.9,0.6,0,0,2,50,0,2,0,30,1.5,0,0,0,Zombie_Male_Die,Summon_Normal,EnemySummon2,0.3,0.3,Zombie_Helmet_Hit,30,0,-1,0,3000003,3000002,120,Enemy,Slow,Narrow
200015,좀비(간호사),Blasphemy,-1,Normal,-1,-1,0,0,,FALSE,146,194,100,125,1,0.3,1,0.4,60002|60014,60101,0.5,1.75,680,1,25,-25,0,0,20000404|20000402,,1,180,-1,150,270,8.1,3,1.3,0.5850000000000001,0.2,0.38500000000000006,FALSE,FALSE,5,3.5,1.5,2.2,2,50,0,2,0,30,1.5,0,0,0,Zombie_Female_Die,Summon_Normal,EnemySummon2,0.3,0.3,Zombie_Hit2,30,0,-1,0,3000003,3000002,120,Enemy,Slow,Narrow
200016,좀비(남성),Blasphemy,-1,Normal,-1,-1,0,0,,FALSE,146,194,100,125,1,0.4,1.1,0.4,60001|60015,60101,0.9,2.7,740,2,25,-25,0,0,20000403|20000407,,1,180,-1,150,270,8.1,3,1.3,0.5850000000000001,0.2,0.38500000000000006,FALSE,FALSE,0.9,0.6,0,0,2,50,0,2,0,30,1.5,0,0,0,Zombie_Male_Die2,Summon_Normal,EnemySummon2,0.3,0.3,Zombie_Male_Hit,30,0,-1,0,3000003,3000002,120,Enemy,Slow,Narrow
200017,마네킹(여성),Phantasm,2001,Normal,-1,-1,0,0,,FALSE,142,190,100,125,1,0.7,1.4,1.2,60012,60101,1.6,2.4000000000000004,780,2,25,0,0,-25,20001020|20001021|20001023,,0,180,-1,150,270,8.1,3,1.3,0.5850000000000001,0.2,0.38500000000000006,FALSE,TRUE,1.2,1,0,0,0.25,0,0,2,0,30,1,0,0,0,Mannequin_Die,Summon_Normal,EnemySummon2.5,0.35,0.3,Mannequin_Hit,50,0,-1,0,3000003,3000002,120,Enemy,Normal,Narrow
200018,마네킹(남성),Phantasm,2001,Normal,-1,-1,0,0,,FALSE,142,190,100,125,1,0.7,1.4,1.2,60012,60101,1.6,2.4000000000000004,780,2,25,0,0,-25,20001022|20001021|20001023,,0,180,-1,150,270,8.1,3,1.3,0.5850000000000001,0.2,0.38500000000000006,FALSE,TRUE,1.2,1,0,0,0.25,0,0,2,0,30,1,0,0,0,Mannequin_Die,Summon_Normal,EnemySummon2.5,0.35,0.3,Mannequin_Hit,50,0,-1,0,3000003,3000002,120,Enemy,Normal,Narrow
200019,거미(big),Machine,1001,Normal,-1,-1,0,0,,FALSE,146,195,100,125,1,0.6,1.2999999999999998,1.4,60011,60101,1.9,2.8499999999999996,850,2,25,0,-25,0,20001010|20001012|20001013|20001011,,2.5,210,-1,150,270,9.45,3.5,1.4,0.63,0.2,0.43,FALSE,FALSE,5,4,0,0,1.5,60,2,2,15,30,1.5,2,30,1.5,Spider_Die,Summon_Normal,EnemySummon2,0.3,0.3,City_Monster_Hit_Steel_Only,40,0,-1,3,3000003,3000002,180,Enemy,Normal,Normal
200020,딥원,Eldritch,1100,Normal,-1,-1,0,0,,FALSE,161,215,100,125,1,0.7,1.4,1.3,60011,60101,2,,1150,2,25,-25,25,0,20002001|20002002,,0.5,240,-1,150,270,9.45,3.5,1.4,0.63,0.2,0.43,FALSE,TRUE,1.8,1.4,0,0,1.5,50,2,2,20,30,1,1,50,1,DeepOne_Die,Summon_Normal,EnemySummon2.5,0.35,0.3,DeepOne_Hit,50,0,-1,0,3000003,3000002,120,Enemy,Normal,Normal
200021,모니터맨,Machine,1001,Normal,-1,-1,0,0,,FALSE,150,200,100,125,1,1.3,2,1.5,60012,60100,2.2,,1050,2,25,0,-25,0,20001000|20001001,,0.5,180,-1,150,270,9.45,3.5,1.4,0.63,0.2,0.43,FALSE,FALSE,1.15,0.85,0,0,2.5,50,2,2,35,30,1,2,100,1,MonitorMan_Die,Summon_Normal,EnemySummon2.5,0.35,0.3,City_Monster_Hit_With_Body,40,0,-1,0,3000003,3000002,180,Enemy,Normal,Normal
200022,박테리오 파지,Machine,1001,Normal,-1,-1,0,0,,FALSE,165,220,100,125,1,1,1.7,1.4,60012,60100,1.9,,920,2,25,0,-25,0,20001080|20001081|20001082,,0.5,210,-1,150,270,8.91,3.3,1.5,0.675,0.2,0.47500000000000003,FALSE,FALSE,4.85,3.6,1.5,2.75,1.5,50,2,2,10,30,1,2,30,1,Phage_Die,Summon_Normal,EnemySummon2.5,0.375,0.3,City_Monster_Hit_Steel_Only,40,0,-1,0,3000003,3000002,180,Enemy,Normal,Normal
200023,소방수 - 도끼,Human,1002,Normal,-1,-1,0,0,,FALSE,161,215,100,125,1,1.4,2.0999999999999996,1.5,60015,60100,1.9,,1050,2,25,25,0,-25,20001030|20001031|20001032|20001033,,0.5,180,-1,150,270,9.45,3.5,1.4,0.63,0.2,0.43,FALSE,FALSE,1.25,1.05,0.8,1.2,2,50,0,2,0,30,1,0.8,50,0.5,Firefighter_Die,Summon_Normal,EnemySummon2.5,0.35,0.3,Firefighter_Hit,30,0,-1,0,3000003,3000002,120,Enemy,Normal,Normal
200024,소방수 - 방패,Human,1002,Normal,-1,-1,0,0,,FALSE,150,200,100,125,1,1.6,2.3,1.5,60015,60100,2.1,,1200,2,25,25,0,-25,20001030|20001041|20001040|20001032,,0.5,210,-1,150,270,9.45,3.5,1.4,0.63,0.2,0.43,FALSE,FALSE,1.2,1,0,0,2,0,0,2,0,30,1,0.8,50,0.5,Firefighter_Die,Summon_Normal,EnemySummon2.5,0.35,0.3,Firefighter_Hit,30,0,-1,0,3000003,3000002,120,Enemy,Normal,Normal
200025,소방수 - 화염방사,Human,1002,Normal,-1,-1,0,0,,FALSE,143,190,100,125,1,1.3,2,1.5,60015,60100,1.8,,950,2,25,25,0,-25,20001050|20001051,20001052,3,240,-1,150,270,9.45,3.5,1.4,0.63,0.2,0.43,FALSE,FALSE,2.5,2.2,1.2,2.2,2,50,2,2,15,30,1,0.8,50,0.5,Firefighter_FireThrower_Die,Summon_Normal,EnemySummon2.5,0.35,0.3,Firefighter_Hit,30,0,-1,0,3000003,3000002,120,Enemy,Normal,Normal
200026,빨간 마스크,Phantasm,2001,Normal,-1,-1,0,0,,FALSE,161,215,120,150,1,0.5,1.2,1.8,60013,60101,2.5,3.75,2200,2,20,0,0,-25,20001060|20001061|20001062|20001063|20001064|20001065,,1,300,-1,150,270,8.91,3.3,1.4,0.63,0.2,0.43,FALSE,TRUE,2,1.2,0,0,5,50,2,2,10,30,1,0.5,60,1,Red_Mask_Die,Red_Mask_Laugh,EnemySummon2.5,0.35,0.3,Red_Mask_Hit,50,3,-1,0,3000003,3000002,120,Enemy,Fast,Normal
200027,순찰유령(도시),Eldritch,-1,Normal,-1,-1,0,0,,TRUE,196,261,100,125,1,1.3,2,1.5,60015,60100,1.8,,650,1,25,0,0,-25,20060003|20060001|20060002,40010003,5,240,-1,150,270,10.125,3.75,1.9,0.855,0.44,0.415,FALSE,FALSE,10,5,2,5,8,80,2,2,35,0,0,10,90,2,BigEye_Die,Summon_Normal,EnemySummon2,0.54,0.3,BigEye_Hit,40,2,-1,5,3000003,3000002,0,Enemy,Normal,Wide
200029,오버로드,Machine,1001,Normal,-1,-1,0,0,,FALSE,158,210,100,125,1,0.7,1.4,1.5,60012,60101,1.6,,900,2,25,0,-25,0,20001070|20001071|20001072,,1,210,-1,150,270,9.45,3.5,1.4,0.63,0.2,0.43,FALSE,TRUE,4.8,3.5,0,0,1.5,50,2,2,10,30,1,2,30,1,Overlord_Die,Summon_Normal,EnemySummon2.5,0.35,0.3,City_Monster_Hit_Steel_Only,40,0,-1,0,3000003,3000002,120,Enemy,Normal,Normal
200030,거미(small) 소환용,Machine,1001,Normal,-1,-1,0,0,,FALSE,113,150,100,125,1,1.1,1.8,1,60011,60100,2.4000000000000004,3.6000000000000005,450,2,25,0,-25,0,20001014|20001015,,3,-1,-1,360,100,9,9,9,4.05,0.2,3.8499999999999996,FALSE,FALSE,1.15,0.9,0,0,1,0,0,2,0,30,1,1,50,0.5,Spider_Die,Summon_Normal,EnemySummon,0.25,0.3,City_Monster_Hit_Steel_Only,50,0,-1,0,3000003,3000002,180,Enemy,Fast,Wide
200031,샷건맨,Human,1101,Normal,-1,-1,0,0,,FALSE,161,215,100,125,1,1.7,2.4,1.5,60015,60100,2.2,,1150,2,25,0,-25,0,20002101,,2,210,-1,150,270,9.45,3.5,1.4,0.63,0.2,0.43,FALSE,FALSE,2,0.95,0,0,0.5,0,0,2,0,50,1,1.5,50,0.8,Soldier_Die,Summon_Normal,EnemySummon2.5,0.35,0.3,Zealot_Hit,30,0,-1,0,3000003,3000002,120,Enemy,Normal,Normal
200032,라이플맨,Human,1101,Normal,-1,-1,0,0,,FALSE,176,235,100,125,1,1.4,2.0999999999999996,1.5,60015,60100,1.9,,980,2,25,0,-25,0,20002106|20002107,,3.5,210,-1,150,270,9.45,3.5,1.4,0.63,0.2,0.43,FALSE,FALSE,6.5,4,1.5,2.5,0.5,0,0,2,0,30,1,1.5,50,0.8,Soldier_Die,Summon_Normal,EnemySummon2.5,0.35,0.3,Zealot_Hit,30,0,-1,0,3000003,3000002,120,Enemy,Normal,Normal
210001,야마이누(소환),Beast,-1,Normal,-1,-1,0,0,,FALSE,142,189,100,125,1,2.7,2.7,1.4,,60100,2.7,,590,2,30,0,-25,0,20000000|20000050|20000001,,3,-1,-1,360,100,9,9,9,,,,TRUE,TRUE,2.2,1.8,0,0,3,50,2,2,30,30,1,3.5,50,1.5,Yamainu_Die,Summon_Normal,EnemySummon,0.25,0.3,Yamainu_Hit,30,0,-1,0,3000003,3000002,120,Enemy,Fast,Wide
210002,사도,Human,-1,Normal,-1,-1,0,0,,FALSE,154,205,100,125,1,1.3,1.3,1.3,,60100,1.3,,900,2,25,0,0,-25,20000100|20000102,,3.5,-1,-1,360,100,9,9,9,,,,TRUE,FALSE,6.4,5,3,5.5,1.5,70,2,2,30,30,1.5,2,50,0.8,Acolyte_Die,Summon_Normal,EnemySummon2.5,0.35,0.3,Acolyte_Hit,20,0,-1,0,3000003,3000002,120,Enemy,Slow,Wide
210003,경찰 좀비,Blasphemy,-1,Normal,-1,-1,0,0,,FALSE,156,208,100,125,1,1.1,1.1,1.2,,60100,1.1,,900,2,25,-25,0,0,20000200|20000201|20000202,,2.5,-1,-1,360,100,9,9,9,,,,TRUE,FALSE,5,4,2,5,2,0,0,2,30,30,2,1,50,0.8,ZombiePolice_Die,Summon_Normal,EnemySummon2.5,0.35,0.3,Zombie_Hit,35,0,-1,0,3000003,3000002,120,Enemy,Slow,Wide
210004,순찰유령,Eldritch,-1,Normal,-1,-1,0,0,,TRUE,196,261,100,125,1,1.8,1.8,1.5,,60100,1.8,,650,1,25,0,0,-25,20060000|20060001|20060002,40010003,10,-1,-1,360,100,9,9,9,,,,FALSE,FALSE,10,5,2,5,8,75,2,2,30,30,0,3,75,2,BigEye_Die,Summon_Normal,EnemySummon2,0.54,0.3,BigEye_Hit,40,0,-1,5,3000003,3000002,0,Enemy,Normal,Wide
210005,인형탈,Machine,-1,Normal,-1,-1,0,0,,FALSE,163,217,100,125,1,2.2,2.2,1.5,,60100,2.2,,1170,3,25,0,-25,0,20000300|20000301|20000050|20000302,,2.5,-1,-1,360,100,9,9,9,,,,TRUE,TRUE,1.1,1,0,0,3,50,2,2,30,30,1,2,50,1.5,Mascot_Die,Summon_Normal,EnemySummon2.5,0.35,0.3,Mascot_Hit,35,0,-1,0,3000003,3000002,120,Enemy,Normal,Wide
210006,빅맨,Blasphemy,-1,Normal,-1,-1,0,0,,FALSE,190,253,120,150,1,1.5499999999999998,1.5499999999999998,1.8,,60100,1.5499999999999998,,2200,6,20,-25,0,0,21002000|21002001,40010004,3.5,-1,-1,360,100,9,9,9,,,,TRUE,TRUE,2.7,1.75,0,0,3,50,0,2,30,30,2,0,0,0,Bigman_Die,Summon_Normal,EnemySummon3.5,0.55,0.3,Bigman_Hit,35,0,5,0,3000003,3000002,120,Enemy,Slow,Wide
210007,평사도,Human|Eldritch,-1,Normal,-1,-1,0,0,,FALSE,156,208,100,125,1,2,2,1.5,,60100,2,,1000,3,25,0,0,-25,20000600|20000050|20000601,,3,-1,-1,360,100,9,9,9,0.63,,0.63,TRUE,TRUE,1,0.8,0,0,3.5,30,2,2,30,30,1,1,50,0.5,Zealot_Die,Summon_Normal,EnemySummon2.5,0.25,0.3,Zealot_Hit,35,0,-1,0,3000003,3000002,120,Enemy,Normal,Wide
210008,고위사도,Eldritch,-1,Normal,-1,-1,0,0,,FALSE,178,237,120,150,1,1.8,1.8,1.5,,60100,1.8,,2050,5,20,0,0,-25,20000500|20000501|20000502,40010004,3,-1,-1,360,100,9,9,9,0.7200000000000001,0.45,0.2700000000000001,TRUE,TRUE,1.3,1.1,0,0,1.5,25,0,2,30,30,1.5,1,50,0.5,HighAcolyte_Die,Summon_Normal,EnemySummon3.5,0.55,0.3,HighAcolyte_Hit,35,3,5,0,3000003,3000002,95,Enemy,Normal,Wide
210011,좀비(단발여성),Blasphemy,-1,Normal,-1,-1,0,0,,FALSE,146,194,100,125,1,1.2,1.2,0.4,,60100,1.2,,720,1,20,-25,0,0,20000401|20000407,,1,-1,-1,360,100,9,9,9,,,,TRUE,FALSE,0.9,0.6,0,0,2,50,0,2,30,30,1.5,0,0,0,Zombie_Female_Die,Summon_Normal,EnemySummon2,0.3,0.3,Zombie_Female_Hit,35,0,-1,0,3000003,3000002,120,Enemy,Slow,Wide
210012,좀비(장발여성),Blasphemy,-1,Normal,-1,-1,0,0,,FALSE,146,194,100,125,1,0.55,0.55,0.4,,60101,0.55,,650,1,30,-25,0,0,20000400|20000406,,1,-1,-1,360,100,9,9,9,,,,TRUE,FALSE,2.1,1.7,0,0,2,50,0,2,30,30,1.5,0,0,0,Zombie_Female_Die2,Summon_Normal,EnemySummon2,0.3,0.3,Zombie_Female_Hit,35,0,-1,0,3000003,3000002,120,Enemy,Slow,Wide
210013,좀비(대머리남성),Blasphemy,-1,Normal,-1,-1,0,0,,FALSE,146,194,100,125,1,0.55,0.55,0.4,,60101,0.55,,780,2,30,-25,0,0,20000402|20000405,,1,-1,-1,360,100,9,9,9,,,,TRUE,FALSE,1.4,1.3,0,0,2,50,0,2,30,30,1.5,0,0,0,Zombie_Male_Die,Summon_Normal,EnemySummon2,0.3,0.3,Zombie_Hit2,30,0,-1,0,3000003,3000002,120,Enemy,Slow,Wide
210014,좀비(안전모),Blasphemy,-1,Normal,-1,-1,0,0,,FALSE,146,194,110,138,1,1,1,0.4,,60100,1,,870,2,25,-25,0,0,20000403|20000407,,1,-1,-1,360,100,9,9,9,,,,TRUE,FALSE,0.9,0.6,0,0,2,50,0,2,30,30,1.5,0,0,0,Zombie_Male_Die,Summon_Normal,EnemySummon2,0.3,0.3,Zombie_Helmet_Hit,30,0,-1,0,3000003,3000002,120,Enemy,Slow,Wide
210015,좀비(간호사),Blasphemy,-1,Normal,-1,-1,0,0,,FALSE,146,194,100,125,1,0.5,0.5,0.4,,60101,0.5,,680,1,25,-25,0,0,20000404|20000402,,1,-1,-1,360,100,9,9,9,,,,TRUE,FALSE,5,3.5,1.5,2.2,2,50,0,2,30,30,1.5,0,0,0,Zombie_Female_Die,Summon_Normal,EnemySummon2,0.3,0.3,Zombie_Hit2,30,0,-1,0,3000003,3000002,120,Enemy,Slow,Wide
210016,좀비(남성),Blasphemy,-1,Normal,-1,-1,0,0,,FALSE,146,194,100,125,1,0.9,0.9,0.4,,60101,0.9,,740,2,25,-25,0,0,20000403|20000407,,1,-1,-1,360,100,9,9,9,,,,TRUE,FALSE,0.9,0.6,0,0,2,50,0,2,30,30,1.5,0,0,0,Zombie_Male_Die2,Summon_Normal,EnemySummon2,0.3,0.3,Zombie_Male_Hit,30,0,-1,0,3000003,3000002,120,Enemy,Slow,Wide
210017,야마이누 엘리트 물안경,Beast,-1,Normal,-1,-1,0,12,,TRUE,170,226,140,175,1,1.8,1.8,1.5,,60100,1.8,,3500,2,12,0,-25,0,20000000|21000200|21000201|21000254,40010003,3,-1,-1,150,270,9.45,3.5,9,0.675,0.2,0.47500000000000003,TRUE,FALSE,3,2,0.7,2,0.05,50,0,2,30,30,1,5,50,2,Yamainu_Die,DogBarking,EnemySummon,0.25,0.3,Yamainu_Hit,30,5,-1,0,3000003,3000002,120,Enemy,Normal,Normal
210018,마네킹(여성),Phantasm,2001,Normal,-1,-1,0,0,,FALSE,143,190,100,125,1,1.6,1.6,1.2,,60100,1.6,2.4000000000000004,780,2,25,0,0,-25,20001020|20001021|20001023,,0,-1,-1,360,100,9,9,9,0.5850000000000001,0.2,0.38500000000000006,TRUE,TRUE,1.2,1,0,0,0.25,0,0,2,30,30,1,0,0,0,Mannequin_Die,Summon_Normal,EnemySummon2.5,0.35,0.3,Mannequin_Hit,50,0,-1,0,3000003,3000002,120,Enemy,Normal,Wide
210019,마네킹(남성),Phantasm,2001,Normal,-1,-1,0,0,,FALSE,143,190,100,125,1,1.6,1.6,1.2,,60100,1.6,2.4000000000000004,780,2,25,0,0,-25,20001022|20001021|20001023,,0,-1,-1,360,100,9,9,9,0.5850000000000001,0.2,0.38500000000000006,TRUE,TRUE,1.2,1,0,0,0.25,0,0,2,30,30,1,0,0,0,Mannequin_Die,Summon_Normal,EnemySummon2.5,0.35,0.3,Mannequin_Hit,50,0,-1,0,3000003,3000002,120,Enemy,Normal,Wide
210020,거미(big),Machine,1001,Normal,-1,-1,0,0,,FALSE,146,195,100,125,1,0.6,1.2999999999999998,1.4,60011,60101,1.9,2.8499999999999996,850,2,25,0,-25,0,20001010|20001012|20001013|20001011,,2.5,210,-1,150,270,9.45,3.5,1.4,0.63,0.2,0.43,FALSE,FALSE,5,4,0,0,1.5,60,2,2,15,30,1.5,2,30,1.5,Spider_Die,Summon_Normal,EnemySummon2,0.3,0.3,City_Monster_Hit_Steel_Only,40,0,-1,3,3000003,3000002,180,Enemy,Normal,Normal
210021,모니터맨,Machine,1001,Normal,-1,-1,0,0,,FALSE,150,200,100,125,1,2.2,2.2,1.5,,60100,2.2,,1050,2,25,0,-25,0,20001000|20001001,,0.5,-1,-1,360,100,9,9,9,0.63,0.2,0.43,TRUE,FALSE,1.15,0.85,0,0,2.5,50,2,2,30,30,1,2,100,1,MonitorMan_Die,Summon_Normal,EnemySummon2.5,0.35,0.3,City_Monster_Hit_With_Body,40,0,-1,0,3000003,3000002,180,Enemy,Normal,Wide
210023,소방수 - 도끼,Human,1002,Normal,-1,-1,0,0,,FALSE,161,215,100,125,1,1.9,1.9,1.5,,60100,1.9,,1050,2,25,25,0,-25,20001030|20001031|20001032|20001033,,0.5,-1,-1,360,100,9,9,9,0.63,0.2,0.43,TRUE,FALSE,1.25,1.05,0.8,1.2,2,50,0,2,30,30,1,0.8,50,0.5,Firefighter_Die,Summon_Normal,EnemySummon2.5,0.35,0.3,Firefighter_Hit,30,0,-1,0,3000003,3000002,120,Enemy,Normal,Wide
210024,소방수 - 방패,Human,1002,Normal,-1,-1,0,0,,FALSE,150,200,100,125,1,2.1,2.1,1.5,,60100,2.1,,1200,2,25,25,0,-25,20001030|20001041|20001040|20001032,,0.5,-1,-1,360,100,9,9,9,0.63,0.2,0.43,TRUE,FALSE,1.2,1,0,0,2,0,0,2,30,30,1,0.8,50,0.5,Firefighter_Die,Summon_Normal,EnemySummon2.5,0.35,0.3,Firefighter_Hit,30,0,-1,0,3000003,3000002,120,Enemy,Normal,Wide
210025,소방수 - 화염방사,Human,1002,Normal,-1,-1,0,0,,FALSE,143,190,100,125,1,1.8,1.8,1.5,,60100,1.8,,950,2,25,25,0,-25,20001050|20001051,20001052,3,-1,-1,360,100,9,9,9,0.63,0.2,0.43,TRUE,FALSE,2.5,2.2,1.2,2.2,2,50,2,2,30,30,1,0.8,50,0.5,Firefighter_FireThrower_Die,Summon_Normal,EnemySummon2.5,0.35,0.3,Firefighter_Hit,30,0,-1,0,3000003,3000002,120,Enemy,Normal,Wide
210026,빨간 마스크,Phantasm,2001,Normal,-1,-1,0,0,,FALSE,161,215,120,150,1,2.5,2.5,1.8,,60100,2.5,3.75,2200,2,20,0,0,-25,20001060|20001061|20001062|20001063|20001064|20001065,,1,-1,-1,360,100,9,9,9,0.63,0.2,0.43,TRUE,TRUE,2,1.2,0,0,5,50,2,2,30,30,1,0.5,60,1,Red_Mask_Die,Red_Mask_Laugh,EnemySummon2.5,0.35,0.3,Red_Mask_Hit,50,3,-1,0,3000003,3000002,120,Enemy,Fast,Wide
210030,거미(small) 소환용,Machine,1001,Normal,-1,-1,0,0,,FALSE,113,150,100,125,1,2.4000000000000004,2.4000000000000004,1,,60100,2.4000000000000004,3.6000000000000005,450,2,25,0,-25,0,20001014|20001015,,3,-1,-1,360,100,9,9,9,4.05,0.2,3.8499999999999996,FALSE,FALSE,1.15,0.9,0,0,1,0,0,2,30,30,1,1,50,0.5,Spider_Die,Summon_Normal,EnemySummon,0.25,0.3,City_Monster_Hit_Steel_Only,50,0,-1,0,3000003,3000002,180,Enemy,Fast,Wide
220001,야마이누(퀘),Beast,-1,Normal,-1,-1,0,0,,FALSE,142,189,100,125,1,1.4,2.0999999999999996,1.4,60000|60011,60100,2.7,4.050000000000001,590,2,30,0,-25,0,20000000|20000050|20000001,,3,-1,-1,150,270,8.91,3.3,1.3,0.5850000000000001,0.2,0.38500000000000006,FALSE,TRUE,2.2,1.8,0,0,0,0,0,2,30,30,1,3.5,50,1.5,Yamainu_Die,Summon_Normal,EnemySummon,0.25,0.3,Yamainu_Hit,30,0,-1,0,3000003,3000002,120,Quest,Fast,Normal
220002,사도(퀘),Human,-1,Normal,-1,-1,0,0,,FALSE,154,205,100,125,1,1.3,2,1.3,,60100,1.3,,900,2,25,0,0,-25,20000101,,3.5,-1,-1,150,270,9.45,3.5,1.4,0.63,0.3,0.33,FALSE,FALSE,6.4,5,1,1.5,0,0,0,2,30,30,1.5,2,50,0.8,Acolyte_Die,Summon_Normal,EnemySummon2.5,0.35,0.3,Acolyte_Hit,20,0,-1,0,3000003,3000002,120,Quest,Slow,Normal
220003,경찰 좀비,Blasphemy,-1,Normal,-1,-1,0,0,,FALSE,156,208,100,125,1,0.2,0.8999999999999999,1.2,60012,60101,1.1,,900,2,25,-25,0,0,20000200|20000201|20000202,,2.5,-1,-1,150,270,9.45,3.5,1.4,0.63,0.3,0.33,FALSE,FALSE,5,4,0,0,0,0,0,2,30,30,2,1,50,0.8,ZombiePolice_Die,Summon_Normal,EnemySummon2.5,0.35,0.3,Zombie_Hit,35,0,-1,0,3000003,3000002,120,Quest,Slow,Normal
220005,인형탈,Machine,-1,Normal,-1,-1,0,0,,FALSE,163,217,100,125,1,0.2,0.8999999999999999,1.5,60000|60013,60101,2.2,3.3000000000000003,1170,3,25,0,-25,0,20000300|20000301|20000050|20000302,,2.5,-1,-1,150,270,9.45,3.5,1.4,0.63,0.25,0.38,FALSE,TRUE,1,0.8,0,0,0,0,0,2,30,30,1,2,50,1.5,Mascot_Die,Summon_Normal,EnemySummon2.5,0.35,0.3,Mascot_Hit,35,0,-1,0,3000003,3000002,120,Quest,Normal,Normal
220006,빅맨,Blasphemy,-1,Normal,-1,-1,0,0,,FALSE,190,253,120,150,1,1.2,1.9,1.5,60016,60100,1.5499999999999998,,2200,6,20,-25,0,0,21002000|21002001,40010004,3.5,-1,-1,150,270,9.45,3.5,2,0.9,0.78,0.12,FALSE,TRUE,2.7,1.75,0,0,3,50,0,2,30,30,2,0,0,0,Bigman_Die,Summon_Normal,EnemySummon3.5,0.55,0.3,Bigman_Hit,35,3,5,0,3000003,3000002,120,Quest,Slow,Normal
220007,평사도(퀘),Human|Eldritch,-1,Normal,-1,-1,0,0,,FALSE,156,208,100,125,1,1.1,1.8,1.5,60000|60012,60100,2,3,1000,3,25,0,0,-25,20000600|20000050|20000601,,3,-1,-1,150,270,9.45,3.5,1.4,0.63,0,0.63,FALSE,TRUE,1,0.8,0,0,0,0,0,2,30,30,1,1,50,0.5,Zealot_Die,Summon_Normal,EnemySummon2.5,0.25,0.3,Zealot_Hit,35,0,-1,0,3000003,3000002,120,Quest,Normal,Normal
220008,고위사도(퀘),Eldritch,-1,Normal,-1,-1,0,0,,FALSE,178,237,120,150,1,0.5,1.2,1.5,60011,60101,1.8,,2050,5,20,0,0,-25,20000500|20000501|20000502,40010004,3,-1,-1,150,270,9.45,3.5,1.6,0.7200000000000001,0.45,0.2700000000000001,FALSE,TRUE,1.3,1.1,0,0,0,0,0,2,30,30,1.5,1,50,0.5,HighAcolyte_Die,Summon_Normal,EnemySummon3.5,0.55,0.3,HighAcolyte_Hit,35,3,5,0,3000003,3000002,95,Quest,Normal,Normal
220009,가영(그림자) (튜토),Phantasm,-1,Normal,-1,-1,0,0,,TRUE,49,65,100,125,1,2,2.7,1.5,,60100,2,,740,0,25,0,0,0,29000005,,2.5,-1,-1,360,100,30,30,30,0,0,0,TRUE,FALSE,1.3,1,0,0,0,0,0,2,30,50,1,0,0,0,Shadow_Die,Summon_ShadowMonster,EnemySummon_shadow2.5,0.35,0.3,Shadow_Monster_Hit,35,0,-1,0,3000003,3000002,120,Enemy,Normal,Wide
230001,야마이누 (튜토),Beast,-1,Normal,-1,-1,0,0,,TRUE,35,46,100,125,1,1,1.7,1.4,,60100,1,1.5,700,2,30,0,-25,0,20000000,,3,-1,-1,150,270,8.91,3.3,1.3,0.5850000000000001,0.2,0.38500000000000006,FALSE,FALSE,2.2,1.8,0,0,3,0,0,2,30,30,1,3.5,50,1.5,Yamainu_Die,Summon_Normal,EnemySummon,0.25,0.3,Yamainu_Hit,30,0,-1,0,3000003,3000002,120,Enemy,Slow,Normal
240001,야마이누(웨이브),Beast,-1,Normal,-1,-1,0,0,,FALSE,107,142,100,125,1,2.7,2.7,1.4,,60100,2.7,0,295,2,30,0,-25,0,20000000|20000050|20000001,,3,-1,-1,360,100,9,9,9,0,0,0,TRUE,TRUE,2.2,1.8,0,0,3,50,2,2,30,30,1,3.5,50,1.5,Yamainu_Die,Summon_Normal,EnemySummon,0.25,0.3,Yamainu_Hit,30,0,-1,0,3000003,3000002,120,Enemy,Fast,Wide
240002,사도,Human,-1,Normal,-1,-1,0,0,,FALSE,116,154,100,125,1,1.3,1.3,1.3,,60100,1.3,0,450,2,25,0,0,-25,20000103|20000102,,3.5,-1,-1,360,100,9,9,9,0,0,0,TRUE,FALSE,6.4,5,3,5.5,1.5,70,2,2,30,30,1.5,2,50,0.8,Acolyte_Die,Summon_Normal,EnemySummon2.5,0.35,0.3,Acolyte_Hit,20,0,-1,0,3000003,3000002,120,Enemy,Slow,Wide
240003,경찰 좀비,Blasphemy,-1,Normal,-1,-1,0,0,,FALSE,117,156,100,125,1,1.1,1.1,1.2,,60100,1.1,0,450,2,25,-25,0,0,20000200|20000201|20000202,,2.5,-1,-1,360,100,9,9,9,0,0,0,TRUE,FALSE,5,4,2,5,2,0,0,2,30,30,2,1,50,0.8,ZombiePolice_Die,Summon_Normal,EnemySummon2.5,0.35,0.3,Zombie_Hit,35,0,-1,0,3000003,3000002,120,Enemy,Slow,Wide
240004,순찰유령,Eldritch,-1,Normal,-1,-1,0,0,,TRUE,147,196,100,125,1,1.8,1.8,1.5,,60100,1.8,0,325,1,25,0,0,-25,20060000|20060001|20060002,40010003,10,-1,-1,360,100,9,9,9,0,0,0,FALSE,FALSE,10,5,2,5,8,75,2,2,30,30,0,3,75,2,BigEye_Die,Summon_Normal,EnemySummon2,0.54,0.3,BigEye_Hit,40,0,-1,5,3000003,3000002,0,Enemy,Normal,Wide
240005,인형탈,Machine,-1,Normal,-1,-1,0,0,,FALSE,122,163,100,125,1,2.2,2.2,1.5,,60100,2.2,0,585,3,25,0,-25,0,20000300|20000301|20000050|20000302,,2.5,-1,-1,360,100,9,9,9,0,0,0,TRUE,TRUE,1.1,1,0,0,3,50,2,2,30,30,1,2,50,1.5,Mascot_Die,Summon_Normal,EnemySummon2.5,0.35,0.3,Mascot_Hit,35,0,-1,0,3000003,3000002,120,Enemy,Normal,Wide
240006,빅맨,Blasphemy,-1,Normal,-1,-1,0,0,,FALSE,143,190,120,150,1,1.5499999999999998,1.5499999999999998,1.8,,60100,1.5499999999999998,0,1100,6,20,-25,0,0,21002000|21002001,40010004,3.5,-1,-1,360,100,9,9,9,0,0,0,TRUE,TRUE,2.7,1.75,0,0,3,50,0,2,30,30,2,0,0,0,Bigman_Die,Summon_Normal,EnemySummon3.5,0.55,0.3,Bigman_Hit,35,0,5,0,3000003,3000002,120,Enemy,Slow,Wide
240007,평사도,Human|Eldritch,-1,Normal,-1,-1,0,0,,FALSE,117,156,100,125,1,2,2,1.5,,60100,2,0,500,3,25,0,0,-25,20000600|20000050|20000601,,3,-1,-1,360,100,9,9,9,0.63,0,0.63,TRUE,TRUE,1,0.8,0,0,3.5,30,2,2,30,30,1,1,50,0.5,Zealot_Die,Summon_Normal,EnemySummon2.5,0.25,0.3,Zealot_Hit,35,0,-1,0,3000003,3000002,120,Enemy,Normal,Wide
240008,고위사도,Eldritch,-1,Normal,-1,-1,0,0,,FALSE,134,178,120,150,1,1.8,1.8,1.5,,60100,1.8,0,1025,5,20,0,0,-25,20000500|20000501|20000502,40010004,3,-1,-1,360,100,9,9,9,0.7200000000000001,0.45,0.2700000000000001,TRUE,TRUE,1.3,1.1,0,0,1.5,25,0,2,30,30,1.5,1,50,0.5,HighAcolyte_Die,Summon_Normal,EnemySummon3.5,0.55,0.3,HighAcolyte_Hit,35,3,5,0,3000003,3000002,95,Enemy,Normal,Wide
240011,좀비(단발여성),Blasphemy,-1,Normal,-1,-1,0,0,,FALSE,110,146,100,125,1,1.2,1.2,0.4,,60100,1.2,0,360,1,20,-25,0,0,20000401|20000407,,1,-1,-1,360,100,9,9,9,0,0,0,TRUE,FALSE,0.9,0.6,0,0,2,50,0,2,30,30,1.5,0,0,0,Zombie_Female_Die,Summon_Normal,EnemySummon2,0.3,0.3,Zombie_Female_Hit,35,0,-1,0,3000003,3000002,120,Enemy,Slow,Wide
240012,좀비(장발여성),Blasphemy,-1,Normal,-1,-1,0,0,,FALSE,110,146,100,125,1,0.55,0.55,0.4,,60101,0.55,0,325,1,30,-25,0,0,20000400|20000406,,1,-1,-1,360,100,9,9,9,0,0,0,TRUE,FALSE,2.1,1.7,0,0,2,50,0,2,30,30,1.5,0,0,0,Zombie_Female_Die2,Summon_Normal,EnemySummon2,0.3,0.3,Zombie_Female_Hit,35,0,-1,0,3000003,3000002,120,Enemy,Slow,Wide
240013,좀비(대머리남성),Blasphemy,-1,Normal,-1,-1,0,0,,FALSE,110,146,100,125,1,0.55,0.55,0.4,,60101,0.55,0,390,2,30,-25,0,0,20000402|20000405,,1,-1,-1,360,100,9,9,9,0,0,0,TRUE,FALSE,1.4,1.3,0,0,2,50,0,2,30,30,1.5,0,0,0,Zombie_Male_Die,Summon_Normal,EnemySummon2,0.3,0.3,Zombie_Hit2,30,0,-1,0,3000003,3000002,120,Enemy,Slow,Wide
240014,좀비(안전모),Blasphemy,-1,Normal,-1,-1,0,0,,FALSE,110,146,110,138,1,1,1,0.4,,60100,1,0,435,2,25,-25,0,0,20000403|20000407,,1,-1,-1,360,100,9,9,9,0,0,0,TRUE,FALSE,0.9,0.6,0,0,2,50,0,2,30,30,1.5,0,0,0,Zombie_Male_Die,Summon_Normal,EnemySummon2,0.3,0.3,Zombie_Helmet_Hit,30,0,-1,0,3000003,3000002,120,Enemy,Slow,Wide
240015,좀비(간호사),Blasphemy,-1,Normal,-1,-1,0,0,,FALSE,110,146,100,125,1,0.5,0.5,0.4,,60101,0.5,0,340,1,25,-25,0,0,20000404|20000402,,1,-1,-1,360,100,9,9,9,0,0,0,TRUE,FALSE,5,3.5,1.5,2.2,2,50,0,2,30,30,1.5,0,0,0,Zombie_Female_Die,Summon_Normal,EnemySummon2,0.3,0.3,Zombie_Hit2,30,0,-1,0,3000003,3000002,120,Enemy,Slow,Wide
240016,좀비(남성),Blasphemy,-1,Normal,-1,-1,0,0,,FALSE,110,146,100,125,1,0.9,0.9,0.4,,60101,0.9,0,370,2,25,-25,0,0,20000403|20000407,,1,-1,-1,360,100,9,9,9,0,0,0,TRUE,FALSE,0.9,0.6,0,0,2,50,0,2,30,30,1.5,0,0,0,Zombie_Male_Die2,Summon_Normal,EnemySummon2,0.3,0.3,Zombie_Male_Hit,30,0,-1,0,3000003,3000002,120,Enemy,Slow,Wide
240018,마네킹(여성),Phantasm,2001,Normal,-1,-1,0,0,,FALSE,107,143,100,125,1,1.6,1.6,1.2,,60100,1.6,2.4000000000000004,390,2,25,0,0,-25,20001020|20001021|20001023,,0,-1,-1,360,100,9,9,9,0.5850000000000001,0.2,0.38500000000000006,TRUE,TRUE,1.2,1,0,0,0.25,0,0,2,30,30,1,0,0,0,Mannequin_Die,Summon_Normal,EnemySummon2.5,0.35,0.3,Mannequin_Hit,50,0,-1,0,3000003,3000002,120,Enemy,Normal,Wide
240019,마네킹(남성),Phantasm,2001,Normal,-1,-1,0,0,,FALSE,107,143,100,125,1,1.6,1.6,1.2,,60100,1.6,2.4000000000000004,390,2,25,0,0,-25,20001022|20001021|20001023,,0,-1,-1,360,100,9,9,9,0.5850000000000001,0.2,0.38500000000000006,TRUE,TRUE,1.2,1,0,0,0.25,0,0,2,30,30,1,0,0,0,Mannequin_Die,Summon_Normal,EnemySummon2.5,0.35,0.3,Mannequin_Hit,50,0,-1,0,3000003,3000002,120,Enemy,Normal,Wide
240021,모니터맨,Machine,1001,Normal,-1,-1,0,0,,FALSE,113,150,100,125,1,2.2,2.2,1.5,,60100,2.2,0,525,2,25,0,-25,0,20001002|20001001,,0.5,-1,-1,360,100,9,9,9,0.63,0.2,0.43,TRUE,FALSE,1.15,0.85,0,0,2.5,50,2,2,30,30,1,2,100,1,MonitorMan_Die,Summon_Normal,EnemySummon2.5,0.35,0.3,City_Monster_Hit_With_Body,40,0,-1,0,3000003,3000002,180,Enemy,Normal,Wide
240023,소방수 - 도끼,Human,1002,Normal,-1,-1,0,0,,FALSE,121,161,100,125,1,1.9,1.9,1.5,,60100,1.9,0,525,2,25,25,0,-25,20001030|20001031|20001032|20001033,,0.5,-1,-1,360,100,9,9,9,0.63,0.2,0.43,TRUE,FALSE,1.25,1.05,0.8,1.2,2,50,0,2,30,30,1,0.8,50,0.5,Firefighter_Die,Summon_Normal,EnemySummon2.5,0.35,0.3,Firefighter_Hit,30,0,-1,0,3000003,3000002,120,Enemy,Normal,Wide
240024,소방수 - 방패,Human,1002,Normal,-1,-1,0,0,,FALSE,113,150,100,125,1,2.1,2.1,1.5,,60100,2.1,0,600,2,25,25,0,-25,20001030|20001041|20001040|20001032,,0.5,-1,-1,360,100,9,9,9,0.63,0.2,0.43,TRUE,FALSE,1.2,1,0,0,2,0,0,2,30,30,1,0.8,50,0.5,Firefighter_Die,Summon_Normal,EnemySummon2.5,0.35,0.3,Firefighter_Hit,30,0,-1,0,3000003,3000002,120,Enemy,Normal,Wide
240025,소방수 - 화염방사,Human,1002,Normal,-1,-1,0,0,,FALSE,107,143,100,125,1,1.8,1.8,1.5,,60100,1.8,0,475,2,25,25,0,-25,20001050|20001051,20001052,3,-1,-1,360,100,9,9,9,0.63,0.2,0.43,TRUE,FALSE,2.5,2.2,1.2,2.2,2,50,2,2,30,30,1,0.8,50,0.5,Firefighter_FireThrower_Die,Summon_Normal,EnemySummon2.5,0.35,0.3,Firefighter_Hit,30,0,-1,0,3000003,3000002,120,Enemy,Normal,Wide
240026,빨간 마스크,Phantasm,2001,Normal,-1,-1,0,0,,FALSE,121,161,120,150,1,2.5,2.5,1.8,,60100,2.5,3.75,1100,2,20,0,0,-25,20001060|20001061|20001062|20001063|20001064|20001065,,1,-1,-1,360,100,9,9,9,0.63,0.2,0.43,TRUE,TRUE,2,1.2,0,0,5,50,2,2,30,30,1,0.5,60,1,Red_Mask_Die,Red_Mask_Laugh,EnemySummon2.5,0.35,0.3,Red_Mask_Hit,50,3,-1,0,3000003,3000002,120,Enemy,Fast,Wide
240030,거미(small) 소환용,Machine,1001,Normal,-1,-1,0,0,,FALSE,85,113,100,125,1,2.4000000000000004,2.4000000000000004,1,,60100,2.4000000000000004,3.6000000000000005,225,2,25,0,-25,0,20001014|20001015,,3,-1,-1,360,100,9,9,9,4.05,0.2,3.8499999999999996,FALSE,FALSE,1.15,0.9,0,0,1,0,0,2,30,30,1,1,50,0.5,Spider_Die,Summon_Normal,EnemySummon,0.25,0.3,City_Monster_Hit_Steel_Only,50,0,-1,0,3000003,3000002,180,Enemy,Fast,Wide
300001,야마이누 보스 (스토리),Beast,-1,Boss,-1,-1,0,12,,TRUE,180,240,160,200,1,0.3,1,1.8,60013,60101,2.3,3.4499999999999997,9000,5,10,0,-25,0,21000000|21000001|21000002|21000004,40010003|21000003,2,-1,224900,150,270,9.45,3.5,2.3,1.035,0.8,0.23499999999999988,FALSE,TRUE,1.64,1.35,0,0,2,0,0,2,0,30,1.5,5,10,2,BigYamainu_Die,Summon_Normal,EnemySummon4,0.6,0.3,BossBigman_Hit,35,15,10,5,3000003,3000002,120,Enemy,Fast,Normal
300002,문어 보스 (스토리),Eldritch,-1,Boss,-1,-1,0,12,,TRUE,150,200,160,200,1,0.7,1.4,1.8,60011,60101,2,,7500,10,10,0,0,-25,21001000|21001001|21001002|21001003,40010003,2,-1,121900,180,270,9.45,3.5,2.5,1.125,0.9,0.22499999999999998,FALSE,FALSE,5.25,4.5,2.5,3.75,3,0,0,2,0,30,1.5,5,10,2,Die_Monster2,Summon_Normal,EnemySummon4,0.6,0.3,,0,30,10,5,3000003,3000002,120,Enemy,Normal,Normal
300003,빅맨 (스토리),Blasphemy,-1,Normal,-1,-1,0,0,,FALSE,150,200,160,200,1,1.4,2.0999999999999996,1.8,60012,60100,2.3,,1500,6,10,-25,0,0,21002000|21002001,40010004,3.5,-1,-1,150,270,9.45,3.5,2,0.9,0.78,0.12,FALSE,FALSE,2.7,1.75,0,0,3,0,0,2,0,30,1.5,0,0,0,Bigman_Die,Summon_Normal,EnemySummon3.5,0.55,0.3,,0,5,-1,0,3000003,3000002,120,Enemy,Fast,Normal
300004,경찰 빅맨 (스토리),Blasphemy,-1,Boss,-1,-1,0,30,Town_BossBigman_Battle,TRUE,165,220,160,200,1,1,1.7,1.8,60012,60100,1.9,,15000,10,10,-25,0,0,21002002|21002003|21002004|21002005|21002006|21002007|21002008|21002009|21002010|21002011,40010003,2,-1,122100,150,270,81,30,30,13.5,0.95,12.55,FALSE,FALSE,2,1.8,0,0,5,0,0,2,0,30,1.5,5,25,2,BossBigman_Die,Summon_Normal,EnemySummon4,0.6,0.3,BossBigman_Hit,35,30,10,12,3000003,3000002,30,Enemy,Normal,Wide
300005,소울 콜렉터 (스토리),Eldritch,-1,Boss,-1,-1,0,30,Town_SoulCollecter_Battle,TRUE,176,235,160,200,1,0.9,1.6,1.8,60012,60101,1.8,,18500,20,10,0,0,-25,21003001|21003002|21003003|21003004|21003005|21003009|21003010|21003011|21003016|21003017|21003018|21003019|21003020,40010003|21003007|21003015,2,-1,225100,150,270,81,30,30,13.5,,13.5,FALSE,FALSE,2.2,1.8,0,0,5,0,0,2,0,30,1.5,5,25,2,Boss_SoulCollecter_Die,Summon_Normal,EnemySummon4,0.6,0.3,Boss_SoulCollecter_Hit,50,30,10,100,3000003,3000002,90,Enemy,Normal,Wide
300006,소울 콜렉터 소환몹 (스토리),Phantasm,-1,Normal,-1,-1,0,0,,TRUE,165,220,800,1000,1,0,0,1,,60101,0,,200,0,50,0,0,-25,21003006,40010003|21003008|21003012,1,-1,-1,360,270,81,30,30,,,,FALSE,FALSE,0,0,0,0,0,0,0,2,0,0,0,0,0,2,,Summon_SoulCollecter_1,EnemySummon2,0.25,0.5,,0,0,-1,0,3000003,3000002|3000004,0,Enemy,None,Wide
300007,소울 콜렉터 소환몹 (스토리),Phantasm,-1,Normal,-1,-1,0,0,,TRUE,165,220,800,1000,1,0,0,1,,60101,0,,200,0,50,0,0,-25,21003006,40010003|21003008|21003013,1,-1,-1,360,270,81,30,30,,,,FALSE,FALSE,0,0,0,0,0,0,0,2,0,0,0,0,0,2,,Summon_SoulCollecter_1,EnemySummon2,0.25,0.5,,0,0,-1,0,3000003,3000002|3000004,0,Enemy,None,Wide
300008,소울 콜렉터 소환몹 (스토리),Phantasm,-1,Normal,-1,-1,0,0,,TRUE,165,220,800,1000,1,0,0,1,,60101,0,,200,0,50,0,0,-25,21003006,40010003|21003008|21003014,1,-1,-1,360,270,81,30,30,,,,FALSE,FALSE,0,0,0,0,0,0,0,2,0,0,0,0,0,2,,Summon_SoulCollecter_1,EnemySummon2,0.25,0.5,,0,0,-1,0,3000003,3000002|3000004,0,Enemy,None,Wide
300010,다크영 (스토리),Eldritch,-1,Boss,-1,-1,0,12,BossDarkYoung_Battle,TRUE,225,300,200,250,1,1,1.7,1.8,60011,60100,2.3,,50000,75,10,0,0,-25,22000001|22000002|22000003|22000004|22000005|22000006|22000007|22000008|22000009|22000010|22000011|22000012|22000013,40010003,2,-1,121900,150,270,8.1,3,2.3,1.035,,1.035,FALSE,FALSE,2.5,1.9,0,0,5,0,0,2,0,30,1,0,0,0,Boss_DarkYoung_Die,Summon_Normal,EnemySummon4,0.6,0.3,Tentacle_Hit,50,30,10,15,3000003,3000002,90,Enemy,Fast,Narrow
300011,다크영 베이비 (스토리),Eldritch,-1,Normal,-1,-1,0,0,,TRUE,158,210,160,200,1,1.8,2.5,1.8,,60100,1.8,,5000,2,20,0,0,-25,22000020|22000021|22000022,,2.5,-1,-1,360,270,9.45,3.5,9,4.05,,4.05,FALSE,FALSE,1,0.75,0,0,5,70,2.5,2,35,30,1,2,80,2,DarkYoung_Baby_Die,Summon_Normal,EnemySummon,0.6,0.3,Tentacle_Hit,50,0,-1,0,3000003,3000002,120,Enemy,Normal,Normal
300012,클리너 보스 - 페이즈1 (스토리),Human,1002,Boss,300012,0,2,30,City_Breacher_1Phase_Battle,TRUE,176,235,160,200,1,1.1,1.8,1.8,60012,60100,2,,8000,10,10,50,0,0,21004001|21004002|21004003|21004004|21004005|21004006|21004007|21004008|21004009,40010003,1.5,-1,222200,150,270,81,30,30,13.5,0.95,12.55,FALSE,FALSE,2.6,2,0,0,5,0,0,2,0,30,1,1.5,25,2,Boss_Breacher_1P_Die,Summon_Normal,EnemySummon4,0.6,0.3,Boss_Breacher_1P_Hit,35,30,10,12,3000003,3000002,120,Enemy,Normal,Wide
300013,클리너 보스 - 페이즈2 (스토리),Human|Blasphemy,1002,Boss,300012,1,0,30,City_Breacher_2Phase_Battle,TRUE,180,240,160,200,1,1.4,2.0999999999999996,1.8,60012,60100,2.3,,15000,10,10,0,-25,0,21004011|21004012|21004013|21004014|21004015|21004016|21004017|21004019|21004020|21004021|21004022,40010003|21004018,2,-1,-1,150,270,81,30,30,13.5,0.95,12.55,FALSE,FALSE,3,2.3,0,0,5,0,0,2,0,30,1,1.5,25,2,Boss_Breacher_2P_Die,Boss_Breacher_2P_Revive,,0,0,Boss_Breacher_2P_Hit,35,30,10,12,3000003,3000002,120,Enemy,Fast,Wide
300014,팔척귀신 (스토리),Phantasm,2001,Boss,300014,0,0,12,Town_8ghost_Battle,TRUE,170,227,160,200,1,1,1.7,1.8,60012,60100,1.9,,3000,5,20,0,0,-25,21005001|21005002|21005004|21005005|21005007|21005008,40010003|21005006,2.5,-1,123900,360,100,15,15,15,6.75,0.8,5.95,FALSE,FALSE,1.95,1.5,0,0,2,0,0,2,0,30,1.5,1.5,10,1,Boss_8Ghost_1P_Die,Boss_8Ghost_PoPoPo,EnemySummon4,0.6,0.3,Boss_8Ghost_Hit,35,3,10,15,3000003,3000002,120,Enemy,Normal,Wide
300015,팔척귀신 2페 (스토리),Phantasm,2001,Boss,300014,1,0,12,Town_8ghost_Battle,TRUE,176,235,160,200,1,1.3,2,1.8,60012,60100,2.2,,3000,7,20,0,0,-25,21005011|21005012|21005014|21005015|21005016|21005013|21005017,40010003|21005006,2,-1,-1,360,100,15,15,15,6.75,0.8,5.95,FALSE,FALSE,2.1,1.7,0,0,2,0,0,2,0,30,1.5,1.5,10,1,Boss_8Ghost_1P_Die,,,0,0,Boss_8Ghost_Hit,35,5,10,15,3000003,3000002,120,Enemy,Normal,Wide
300016,팔척귀신 3페 (스토리),Phantasm,2001,Boss,300014,2,0,12,Town_8ghost_3Phase_Battle,TRUE,188,250,160,200,1,1.7,2.4,1.8,60012,60100,2.6,,4500,12,20,0,0,-25,21005021|21005022|21005024|21005025|21005026|21005027|21005028|21005029,40010003|21005006,2,-1,-1,360,100,15,15,15,6.75,0.8,5.95,FALSE,FALSE,2.1,1.7,0,0,2,0,0,2,0,30,1.5,1.5,10,1,Boss_8Ghost_3P_Die,,,0,0,Boss_8Ghost_Hit,35,20,10,15,3000003,3000002,120,Enemy,Fast,Wide
300017,팔척귀신 소환몹 (스토리),Phantasm,2001,Normal,-1,-1,0,0,,TRUE,146,194,100,125,1,0,0,1,,60101,0,,620,0,50,0,0,-25,21005031|21005036,40010003|21005030|21005032,1,-1,-1,360,270,81,30,30,,,,FALSE,FALSE,0,0,0,0,0,0,0,2,0,0,0,0,0,0,Boss_8Ghost_ChildSoul_Die,Boss_8Ghost_ChildSoul_Summon,EnemySummon2,0.25,0.5,Boss_8Ghost_ChildSoul_Hit,35,0,-1,0,,,0,Enemy,None,Wide
300018,팔척귀신 소환몹 (스토리),Phantasm,2001,Normal,-1,-1,0,0,,TRUE,146,194,100,125,1,0,0,1,,60101,0,,620,0,50,0,0,-25,21005031|21005036,40010003|21005030|21005033,1,-1,-1,360,270,81,30,30,,,,FALSE,FALSE,0,0,0,0,0,0,0,2,0,0,0,0,0,0,Boss_8Ghost_ChildSoul_Die,Boss_8Ghost_ChildSoul_Summon,EnemySummon2,0.25,0.5,Boss_8Ghost_ChildSoul_Hit,35,0,-1,0,,,0,Enemy,None,Wide
300019,팔척귀신 소환몹 (스토리),Phantasm,2001,Normal,-1,-1,0,0,,TRUE,146,194,100,125,1,0,0,1,,60101,0,,620,0,50,0,0,-25,21005031|21005036,40010003|21005030|21005034,1,-1,-1,360,270,81,30,30,,,,FALSE,FALSE,0,0,0,0,0,0,0,2,0,0,0,0,0,0,Boss_8Ghost_ChildSoul_Die,Boss_8Ghost_ChildSoul_Summon,EnemySummon2,0.25,0.5,Boss_8Ghost_ChildSoul_Hit,35,0,-1,0,,,0,Enemy,None,Wide
300020,팔척귀신 소환몹 (스토리),Phantasm,2001,Normal,-1,-1,0,0,,TRUE,146,194,100,125,1,0,0,1,,60101,0,,620,0,50,0,0,-25,21005031|21005036,40010003|21005030|21005035,1,-1,-1,360,270,81,30,30,,,,FALSE,FALSE,0,0,0,0,0,0,0,2,0,0,0,0,0,0,Boss_8Ghost_ChildSoul_Die,Boss_8Ghost_ChildSoul_Summon,EnemySummon2,0.25,0.5,Boss_8Ghost_ChildSoul_Hit,35,0,-1,0,,,0,Enemy,None,Wide
300021,해커 (스토리),Human,1002,Boss,300012,0,2,30,City_Breacher_1Phase_Battle,TRUE,191,255,160,200,1,1.1,1.8,1.8,60012,60100,2,,10000,10,10,50,0,0,21004001|21004002|21004003|21004004|21004005|21004006|21004007|21004008|21004009,40010003,1.5,-1,222200,150,270,81,30,30,13.5,0.95,12.55,FALSE,FALSE,2.6,2,0,0,5,0,0,2,0,30,1,1.5,25,2,Boss_Breacher_1P_Die,Summon_Normal,EnemySummon4,0.6,0.3,Boss_Breacher_1P_Hit,35,30,10,12,3000003,3000002,120,Enemy,Normal,Wide
301001,야마이누 보스 (1챕터 범용),Beast,-1,Boss,-1,-1,0,12,,TRUE,180,240,160,200,1,0.3,1,1.8,60013,60101,2.3,3.4499999999999997,9000,5,10,0,-25,0,21000000|21000001|21000002|21000004,40010003|21000003,2,-1,122000,150,270,9.45,3.5,2.3,1.035,0.8,0.23499999999999988,FALSE,TRUE,1.64,1.35,0,0,2,0,0,2,0,30,1.5,5,10,2,BigYamainu_Die,Summon_Normal,EnemySummon4,0.6,0.3,BossBigman_Hit,35,15,10,5,3000003,3000002,120,Enemy,Fast,Normal
301004,경찰 빅맨 (1챕터 범용),Blasphemy,-1,Boss,-1,-1,0,12,Town_BossBigman_Battle,TRUE,165,220,160,200,1,1,1.7,1.8,60012,60100,1.9,,10500,10,10,-25,0,0,21002002|21002003|21002004|21002005|21002006|21002007|21002008|21002009|21002010|21002011,40010003,1.5,-1,122100,150,270,9.45,3.5,2.1,13.5,0.95,12.55,FALSE,FALSE,2,1.8,0,0,5,0,0,2,0,30,1.5,5,25,2,BossBigman_Die,Summon_Normal,EnemySummon4,0.6,0.3,BossBigman_Hit,35,30,10,12,3000003,3000002,30,Enemy,Normal,Wide
301005,소울 콜렉터 (1챕터 범용),Eldritch,-1,Boss,-1,-1,0,12,Town_SoulCollecter_Battle,TRUE,176,235,160,200,1,0.9,1.6,1.8,60012,60101,1.8,,12950,20,10,0,0,-25,21003001|21003021|21003004|21003005|21003009|21003010|21003011|21003016|21003017|21003018|21003019|21003020,40010003|21003007|21003015,1.75,-1,122200,360,270,9.45,3.5,2.2,13.5,0,13.5,FALSE,FALSE,2.2,1.8,0,0,5,0,0,2,0,30,1.5,5,25,2,Boss_SoulCollecter_Die,Summon_Normal,EnemySummon4,0.6,0.3,Boss_SoulCollecter_Hit,50,30,10,100,3000003,3000002,90,Enemy,Normal,Wide
301010,다크영 (1챕터 범용),Eldritch,-1,Boss,-1,-1,0,12,BossDarkYoung_Battle,TRUE,225,300,200,250,1,1,1.7,1.8,60011,60100,2.3,,50000,75,10,0,0,-25,22000001|22000002|22000003|22000004|22000005|22000006|22000007|22000008|22000009|22000010|22000011|22000012|22000013,40010003,2,-1,121900,150,270,8.1,3,2.3,1.035,0,1.035,FALSE,FALSE,2.5,1.9,0,0,5,0,0,2,0,30,1,0,0,0,Boss_DarkYoung_Die,Summon_Normal,EnemySummon4,0.6,0.3,Tentacle_Hit,50,30,10,15,3000003,3000002,90,Enemy,Fast,Narrow
301012,클리너 보스 - 페이즈1 (1챕터 범용),Human,1002,Boss,301012,0,2,12,City_Breacher_1Phase_Battle,TRUE,185,235,160,200,1,1.1,1.8,1.8,60012,60100,2,,5600,10,10,50,0,0,21004001|21004002|21004003|21004004|21004005|21004006|21004007|21004008|21004009,40010003,1.5,-1,123800,150,270,9.45,3.5,2.3,13.5,0.95,12.55,FALSE,FALSE,2.6,2,0,0,5,0,0,2,0,30,1,1.5,25,2,Boss_Breacher_1P_Die,Summon_Normal,EnemySummon4,0.6,0.3,Boss_Breacher_1P_Hit,35,30,10,12,3000003,3000002,120,Enemy,Normal,Wide
301013,클리너 보스 - 페이즈2 (1챕터 범용),Human|Blasphemy,1002,Boss,301012,1,0,12,City_Breacher_2Phase_Battle,TRUE,187,240,160,200,1,1.4,2.0999999999999996,1.8,60012,60100,2.3,,10500,10,10,0,-25,0,21004011|21004012|21004013|21004014|21004015|21004016|21004017|21004019|21004020|21004021|21004022,40010003|21004018,2,-1,-1,150,270,9.45,3.5,2.3,13.5,0.95,12.55,FALSE,FALSE,3,2.3,0,0,5,0,0,2,0,30,1,1.5,25,2,Boss_Breacher_2P_Die,Boss_Breacher_2P_Revive,,0,0,Boss_Breacher_2P_Hit,35,30,10,12,3000003,3000002,120,Enemy,Fast,Wide
301014,팔척귀신 (1챕터 범용),Phantasm,2001,Boss,301014,0,0,12,Town_8ghost_Battle,TRUE,175,227,160,200,1,1,1.7,1.8,60012,60100,1.9,,3000,5,20,0,0,-25,21005001|21005002|21005004|21005005|21005007|21005008,40010003|21005006,2,-1,123900,150,270,9.45,3.5,2.3,6.75,0.8,5.95,FALSE,FALSE,1.95,1.5,0,0,2,0,0,2,0,30,1.5,1.5,10,1,Boss_8Ghost_1P_Die,Boss_8Ghost_PoPoPo,EnemySummon4,0.6,0.3,Boss_8Ghost_Hit,35,3,10,15,3000003,3000002,120,Enemy,Normal,Wide
301015,팔척귀신 2페 (1챕터 범용),Phantasm,2001,Boss,301014,1,0,12,Town_8ghost_Battle,TRUE,182,235,160,200,1,1.3,2,1.8,60012,60100,2.2,,3000,7,20,0,0,-25,21005011|21005012|21005014|21005015|21005016|21005013|21005017,40010003|21005006,1.5,-1,-1,150,270,9.45,3.5,2.3,6.75,0.8,5.95,FALSE,FALSE,2.1,1.7,0,0,2,0,0,2,0,30,1.5,1.5,10,1,Boss_8Ghost_1P_Die,,,0,0,Boss_8Ghost_Hit,35,5,10,15,3000003,3000002,120,Enemy,Normal,Wide
301016,팔척귀신 3페 (1챕터 범용),Phantasm,2001,Boss,301014,2,0,12,Town_8ghost_3Phase_Battle,TRUE,188,250,160,200,1,1.7,2.4,1.8,60012,60100,2.6,,4500,12,20,0,0,-25,21005021|21005022|21005024|21005025|21005026|21005027|21005028|21005029,40010003|21005006,1.5,-1,-1,150,270,9.45,3.5,2.3,6.75,0.8,5.95,FALSE,FALSE,2.1,1.7,0,0,2,0,0,2,0,30,1.5,1.5,10,1,Boss_8Ghost_3P_Die,,,0,0,Boss_8Ghost_Hit,35,20,10,15,3000003,3000002,120,Enemy,Fast,Wide
302001,야마이누 보스 (2챕터 범용),Beast,-1,Boss,-1,-1,0,12,,TRUE,180,240,160,200,1,0.3,1,1.8,60013,60101,2.3,3.4499999999999997,9000,5,10,0,-25,0,21000000|21000001|21000002|21000004,40010003|21000003,2,-1,224900,150,270,9.45,3.5,2.3,1.035,0.8,0.23499999999999988,FALSE,TRUE,1.64,1.35,0,0,2,0,0,2,0,30,1.5,5,10,2,BigYamainu_Die,Summon_Normal,EnemySummon4,0.6,0.3,BossBigman_Hit,35,15,10,5,3000003,3000002,120,Enemy,Fast,Normal
302004,경찰 빅맨 (2챕터 범용),Blasphemy,-1,Boss,-1,-1,0,12,Town_BossBigman_Battle,TRUE,165,220,160,200,1,1,1.7,1.8,60012,60100,1.9,0,10500,10,10,-25,0,0,21002002|21002003|21002004|21002005|21002006|21002007|21002008|21002009|21002010|21002011,40010003,1.5,-1,225000,150,270,9.45,3.5,2.1,13.5,0.95,12.55,FALSE,FALSE,2,1.8,0,0,5,0,0,2,0,30,1.5,5,25,2,BossBigman_Die,Summon_Normal,EnemySummon4,0.6,0.3,BossBigman_Hit,35,30,10,12,3000003,3000002,30,Enemy,Normal,Wide
302005,소울 콜렉터 (2챕터 범용),Eldritch,-1,Boss,-1,-1,0,12,Town_SoulCollecter_Battle,TRUE,176,235,160,200,1,0.9,1.6,1.8,60012,60101,1.8,0,12950,20,10,0,0,-25,21003001|21003021|21003004|21003005|21003009|21003010|21003011|21003016|21003017|21003018|21003019|21003020,40010003|21003007|21003015,1.75,-1,225100,360,270,9.45,3.5,2.2,13.5,0,13.5,FALSE,FALSE,2.2,1.8,0,0,5,0,0,2,0,30,1.5,5,25,2,Boss_SoulCollecter_Die,Summon_Normal,EnemySummon4,0.6,0.3,Boss_SoulCollecter_Hit,50,30,10,100,3000003,3000002,90,Enemy,Normal,Wide
302010,다크영 (2챕터 범용),Eldritch,-1,Boss,-1,-1,0,12,BossDarkYoung_Battle,TRUE,225,300,200,250,1,1,1.7,1.8,60011,60100,2.3,0,50000,75,10,0,0,-25,22000001|22000002|22000003|22000004|22000005|22000006|22000007|22000008|22000009|22000010|22000011|22000012|22000013,40010003,2,-1,222400,150,270,8.1,3,2.3,1.035,0,1.035,FALSE,FALSE,2.5,1.9,0,0,5,0,0,2,0,30,1,0,0,0,Boss_DarkYoung_Die,Summon_Normal,EnemySummon4,0.6,0.3,Tentacle_Hit,50,30,10,15,3000003,3000002,90,Enemy,Fast,Narrow
302012,클리너 보스 - 페이즈1 (2챕터 범용),Human,1002,Boss,302012,0,2,12,City_Breacher_1Phase_Battle,TRUE,185,235,160,200,1,1.1,1.8,1.8,60012,60100,2,0,5600,10,10,50,0,0,21004001|21004002|21004003|21004004|21004005|21004006|21004007|21004008|21004009,40010003,1.5,-1,222200,150,270,9.45,3.5,2.3,13.5,0.95,12.55,FALSE,FALSE,2.6,2,0,0,5,0,0,2,0,30,1,1.5,25,2,Boss_Breacher_1P_Die,Summon_Normal,EnemySummon4,0.6,0.3,Boss_Breacher_1P_Hit,35,30,10,12,3000003,3000002,120,Enemy,Normal,Wide
302013,클리너 보스 - 페이즈2 (2챕터 범용),Human|Blasphemy,1002,Boss,302012,1,0,12,City_Breacher_2Phase_Battle,TRUE,187,240,160,200,1,1.4,2.0999999999999996,1.8,60012,60100,2.3,0,10500,10,10,0,-25,0,21004011|21004012|21004013|21004014|21004015|21004016|21004017|21004019|21004020|21004021|21004022,40010003|21004018,2,-1,-1,150,270,9.45,3.5,2.3,13.5,0.95,12.55,FALSE,FALSE,3,2.3,0,0,5,0,0,2,0,30,1,1.5,25,2,Boss_Breacher_2P_Die,Boss_Breacher_2P_Revive,0,0,0,Boss_Breacher_2P_Hit,35,30,10,12,3000003,3000002,120,Enemy,Fast,Wide
302014,팔척귀신 (2챕터 범용),Phantasm,2001,Boss,302014,0,0,12,Town_8ghost_Battle,TRUE,175,227,160,200,1,1,1.7,1.8,60012,60100,1.9,0,3000,5,20,0,0,-25,21005001|21005002|21005004|21005005|21005007|21005008,40010003|21005006,2,-1,222300,150,270,9.45,3.5,2.3,6.75,0.8,5.95,FALSE,FALSE,1.95,1.5,0,0,2,0,0,2,0,30,1.5,1.5,10,1,Boss_8Ghost_1P_Die,Boss_8Ghost_PoPoPo,EnemySummon4,0.6,0.3,Boss_8Ghost_Hit,35,3,10,15,3000003,3000002,120,Enemy,Normal,Wide
302015,팔척귀신 2페 (2챕터 범용),Phantasm,2001,Boss,302014,1,0,12,Town_8ghost_Battle,TRUE,182,235,160,200,1,1.3,2,1.8,60012,60100,2.2,0,3000,7,20,0,0,-25,21005011|21005012|21005014|21005015|21005016|21005013|21005017,40010003|21005006,1.5,-1,-1,150,270,9.45,3.5,2.3,6.75,0.8,5.95,FALSE,FALSE,2.1,1.7,0,0,2,0,0,2,0,30,1.5,1.5,10,1,Boss_8Ghost_1P_Die,0,0,0,0,Boss_8Ghost_Hit,35,5,10,15,3000003,3000002,120,Enemy,Normal,Wide
302016,팔척귀신 3페 (2챕터 범용),Phantasm,2001,Boss,302014,2,0,12,Town_8ghost_3Phase_Battle,TRUE,188,250,160,200,1,1.7,2.4,1.8,60012,60100,2.6,0,4500,12,20,0,0,-25,21005021|21005022|21005024|21005025|21005026|21005027|21005028|21005029,40010003|21005006,1.5,-1,-1,150,270,9.45,3.5,2.3,6.75,0.8,5.95,FALSE,FALSE,2.1,1.7,0,0,2,0,0,2,0,30,1.5,1.5,10,1,Boss_8Ghost_3P_Die,0,0,0,0,Boss_8Ghost_Hit,35,20,10,15,3000003,3000002,120,Enemy,Fast,Wide
310001,야마이누 엘리트 물안경,Beast,-1,Boss,-1,-1,0,12,,TRUE,170,226,140,175,1,0.9,1.6,1.5,60012,60101,1.8,,9000,2,12,0,-25,0,20000000|21000200|21000201|21000254,40010003,3,-1,-1,150,270,9.45,3.5,1.5,0.675,0.2,0.47500000000000003,FALSE,FALSE,3,2,0.7,2,0.05,50,2.5,5,20,30,1,5,50,2,Yamainu_Die,DogBarking,EnemySummon,0.25,0.3,Yamainu_Hit,30,5,-1,0,3000003,3000002,120,Enemy,Normal,Normal
310002,야마이누 엘리트 점박이,Beast,-1,Boss,-1,-1,0,12,,TRUE,158,210,140,175,1,1.1,1.8,1.5,60012,60100,2,,8000,2,10,0,-25,0,21000250|21000251|21000252|21000253,40010003,2.75,-1,-1,150,270,9.45,3.5,1.5,0.675,0.2,0.47500000000000003,FALSE,TRUE,2.75,2,0.7,1.3,0.05,50,2.5,5,20,30,1,5,50,2,Yamainu_Elite_Cat_Die,Summon_Normal,EnemySummon,0.25,0.3,Yamainu_Elite_Cat_Hit,40,12,10,4,3000003,3000002,120,Enemy,Normal,Normal
310003,빅맨 엘리트,Blasphemy,-1,Boss,-1,-1,0,12,,TRUE,170,226,132,165,1,1.5,2.2,1.5,60016,60100,1.85,,8500,6,10,-25,0,0,21000300|21000301|21000302|21000303|21002007|21000304,40010003,3,-1,-1,150,270,9.45,3.5,2,0.9,0.78,0.12,FALSE,FALSE,2.7,1.75,0,0,0.05,0,0,2,0,30,1,5,50,1.5,Bigman_Die,Summon_Normal,EnemySummon3.5,0.55,0.3,Bigman_Hit,35,12,10,0,3000003,3000002,30,Enemy,Normal,Normal
310004,평사도 엘리트 크리스마스,Human|Eldritch,-1,Boss,-1,-1,0,12,,TRUE,163,217,140,175,1,0.9,1.6,1.5,60012,60101,1.8,,8500,3,10,0,0,-25,21000350|21000351|21000352|21000353|21000354|21000355,40010003,4,-1,-1,150,270,9.45,3.5,1.5,0.675,,0.675,FALSE,FALSE,10,5,1,2.5,0.05,50,2,5,15,30,1,5,70,2,Zealot_Elite_Santa_Die,Summon_Normal,EnemySummon2.5,0.25,0.3,Zealot_Elite_Santa_Hit,40,12,10,0,3000003,3000002,120,Enemy,Normal,Normal
310005,평사도 엘리트 도끼머리,Human|Eldritch,-1,Boss,-1,-1,0,12,,TRUE,161,215,140,175,1,1.1,1.8,1.5,60012,60100,2,,8250,3,10,0,0,-25,21000400|21000401|21000402|21000403|21000404,40010003,2.75,-1,-1,150,270,9.45,3.5,1.5,0.675,,0.675,FALSE,TRUE,1.5,1.1,0,0,0.05,0,0,2,0,30,1,5,80,2,Zealot_Die,Summon_Normal,EnemySummon2.5,0.25,0.3,Zealot_Hit,35,12,10,0,3000003,3000002,120,Enemy,Normal,Normal
310006,경찰 좀비 엘리트 군인,Blasphemy,-1,Boss,-1,-1,0,12,,TRUE,179,238,140,175,1,0.5,1.2,1.2,60011,60101,1.8,,9000,2,10,-25,0,0,21000450|21000451|21000452|21000453,40010003,2.5,-1,-1,150,270,9.45,3.5,1.5,0.675,0.3,0.37500000000000006,FALSE,FALSE,4,2,0.7,1.5,0.05,0,0,2,0,30,1,5,80,2,ZombiePolice_Die,Summon_Normal,EnemySummon2.5,0.35,0.3,Zombie_Hit,35,12,10,0,3000003,3000002,120,Enemy,Normal,Normal
310007,경찰 좀비 엘리트 소방관,Blasphemy,-1,Boss,-1,-1,0,12,,TRUE,179,238,140,175,1,0.5,1.2,1.2,60011,60101,1.8,,9000,2,10,-25,0,0,21000500|21000501|21000502|21000503|21000504|21000505,40010003,2.25,-1,-1,150,270,9.45,3.5,1.5,0.675,0.3,0.37500000000000006,FALSE,FALSE,3,1,0.7,1,0.05,0,0,2,0,30,1,5,80,2,ZombiePolice_Die,Summon_Normal,EnemySummon2.5,0.35,0.3,Zombie_Hit,35,12,10,0,3000003,3000002,120,Enemy,Normal,Normal
310008,인형탈 엘리트 핑크,Machine,-1,Boss,-1,-1,0,12,,TRUE,173,230,140,175,1,0.3,1,1.5,60000|60013,60101,2.3,3.4499999999999997,9200,3,10,0,-25,0,21000100|21000101|21000102|21000103|21000104|21000105|21000106,40010003,2.25,-1,-1,150,270,9.45,3.5,1.5,0.675,0.25,0.42500000000000004,FALSE,TRUE,1.1,0.8,0,0,0.05,50,2,5,15,30,1,5,80,1.5,Mascot_Elite_Pink_Die,Summon_Normal,EnemySummon2.5,0.35,0.3,Mascot_Elite_Pink_Hit,45,12,10,0,3000003,3000002,120,Enemy,Fast,Normal
310009,인형탈 엘리트 레드 고양이,Machine,-1,Boss,-1,-1,0,12,,TRUE,169,225,140,175,1,0.4,1.1,1.5,60000|60012,60101,1.3,1.9500000000000002,8500,3,10,0,-25,0,21000150|21000151|21000152|21000153|21000154|21000155,40010003,2,-1,-1,150,270,9.45,3.5,1.5,0.675,0.25,0.42500000000000004,FALSE,TRUE,1.35,1,0,0,0.05,50,2,5,15,30,1,5,99,1.5,Mascot_Elite_Red_Die,Summon_Normal,EnemySummon2.5,0.35,0.3,Mascot_Hit,35,12,10,0,3000003,3000002,120,Enemy,Slow,Normal
310010,사도 엘리트 블랙,Human,-1,Boss,-1,-1,0,12,,TRUE,171,228,140,175,1,1,1.7,1.4,,60100,1,,8800,2,10,0,0,-25,21000050|21000051|21000052|21000053|21000054|21000059,40010003,3,-1,-1,150,270,9.45,3.5,1.5,0.675,0.3,0.37500000000000006,FALSE,FALSE,6.4,5,3,5.5,0.05,0,2,5,10,30,1,5,50,1,Acolyte_Die,Summon_Normal,EnemySummon2.5,0.35,0.3,Acolyte_Hit,35,12,10,4,3000003,3000002,120,Enemy,Slow,Normal
310011,사도 엘리트 블루,Human,-1,Boss,-1,-1,0,12,,TRUE,171,228,140,175,1,1,1.7,1.4,,60100,1,,8000,2,10,0,0,-25,21000055|21000056|21000057|21000058|21000059,40010003,2.5,-1,-1,150,270,9.45,3.5,1.5,0.675,0.3,0.37500000000000006,FALSE,FALSE,6.4,5,3,5.5,0.05,50,2,5,10,30,1,5,50,1,Acolyte_Elite_Angel_Die,Summon_Normal,EnemySummon2.5,0.35,0.3,Acolyte_Hit,35,12,10,0,3000003,3000002,120,Enemy,Slow,Normal
310012,좀비 엘리트 도끼 간호사,Blasphemy,-1,Boss,-1,-1,0,12,,TRUE,163,217,140,175,1,0.7,1.4,1.2,60000|60012,60101,1.6,2.4000000000000004,8000,1,10,-25,0,0,21000060|21000061|21000062|21000063|21000064|21000065,40010003,2.75,-1,-1,150,270,9.45,3.5,1.5,0.675,0.2,0.47500000000000003,FALSE,FALSE,6,2.5,1,2,0.05,0,0,2,0,30,1,2,50,1,Zombie_Female_Die,Summon_Normal,EnemySummon2,0.35,0.3,Zombie_Hit2,30,12,10,8,3000003,3000002,120,Enemy,Normal,Normal
310013,좀비 엘리트 금발 수영복,Blasphemy,-1,Boss,-1,-1,0,12,,TRUE,163,217,140,175,1,1,1.7,0.4,60012,60100,1.9,,9000,1,10,-25,0,0,21000070|21000071|21000072|21000073,40010003,2.25,-1,-1,150,270,9.45,3.5,1.5,0.675,0.2,0.47500000000000003,FALSE,FALSE,6,2.75,1,2.5,0.05,0,0,2,0,30,1,2,50,1,Zombie_Female_Die,Summon_Normal,EnemySummon2,0.35,0.3,Zombie_Hit2,30,12,10,1,3000003,3000002,120,Enemy,Normal,Normal
310014,좀비 엘리트 안경,Blasphemy,-1,Boss,-1,-1,0,12,,TRUE,171,228,140,175,1,0.8,1.5,0.4,60014,60101,1,,9500,1,10,-25,0,0,21000074|21000075,40010003,2,-1,-1,150,270,9.45,3.5,1.5,0.675,0.2,0.47500000000000003,FALSE,FALSE,0.65,0.6,0,0,0.05,0,0,2,0,30,1,0,0,0,Zombie_Male_Die,Summon_Normal,EnemySummon2,0.35,0.3,Zombie_Hit,30,12,10,0,3000003,3000002,120,Enemy,Slow,Normal
310015,좀비 엘리트 요리사,Blasphemy,-1,Boss,-1,-1,0,12,,TRUE,171,228,140,175,1,0.7,1.4,0.4,60011,60101,2,,8800,1,10,-25,0,0,21000076|21000077|21000078|21000079|21000080,40010003,2,-1,-1,150,270,9.45,3.5,1.5,0.675,0.2,0.47500000000000003,FALSE,TRUE,2,1.95,0,0,0.05,0,0,2,0,30,1,2,50,1,Zombie_Male_Die2,Summon_Normal,EnemySummon2,0.35,0.3,Zombie_Hit,30,12,10,4,3000003,3000002,120,Enemy,Normal,Normal
311001,야마이누 엘리트 물안경,Beast,-1,Boss,-1,-1,0,12,,TRUE,170,226,140,175,1,0.9,1.6,1.5,60012,60101,1.8,0,9000,2,12,0,-25,0,20000000|21000200|21000201|21000254,40010003,3,-1,-1,150,270,9.45,3.5,1.5,0.675,0.2,0.47500000000000003,FALSE,FALSE,3,2,0.7,2,0.05,50,2.5,5,20,30,1,5,50,2,Yamainu_Die,DogBarking,EnemySummon,0.25,0.3,Yamainu_Hit,30,5,-1,0,3000003,3000002,120,Enemy,Normal,Normal
311002,야마이누 엘리트 점박이,Beast,-1,Boss,-1,-1,0,12,,TRUE,158,210,140,175,1,1.1,1.8,1.5,60012,60100,2,0,8000,2,10,0,-25,0,21000250|21000251|21000252|21000253,40010003,2.75,-1,-1,150,270,9.45,3.5,1.5,0.675,0.2,0.47500000000000003,FALSE,TRUE,2.75,2,0.7,1.3,0.05,50,2.5,5,20,30,1,5,50,2,Yamainu_Elite_Cat_Die,Summon_Normal,EnemySummon,0.25,0.3,Yamainu_Elite_Cat_Hit,40,12,10,4,3000003,3000002,120,Enemy,Normal,Normal
311003,빅맨 엘리트,Blasphemy,-1,Boss,-1,-1,0,12,,TRUE,170,226,132,165,1,1.5,2.2,1.5,60016,60100,1.85,0,8500,6,10,-25,0,0,21000300|21000301|21000302|21000303|21002007|21000304,40010003,3,-1,-1,150,270,9.45,3.5,2,0.9,0.78,0.12,FALSE,FALSE,2.7,1.75,0,0,0.05,0,0,2,0,30,1,5,50,1.5,Bigman_Die,Summon_Normal,EnemySummon3.5,0.55,0.3,Bigman_Hit,35,12,10,0,3000003,3000002,30,Enemy,Normal,Normal
311004,평사도 엘리트 크리스마스,Human|Eldritch,-1,Boss,-1,-1,0,12,,TRUE,163,217,140,175,1,0.9,1.6,1.5,60012,60101,1.8,0,8500,3,10,0,0,-25,21000350|21000351|21000352|21000353|21000354|21000355,40010003,4,-1,-1,150,270,9.45,3.5,1.5,0.675,0,0.675,FALSE,FALSE,10,5,1,2.5,0.05,50,2,5,15,30,1,5,70,2,Zealot_Elite_Santa_Die,Summon_Normal,EnemySummon2.5,0.25,0.3,Zealot_Elite_Santa_Hit,40,12,10,0,3000003,3000002,120,Enemy,Normal,Normal
311005,평사도 엘리트 도끼머리,Human|Eldritch,-1,Boss,-1,-1,0,12,,TRUE,161,215,140,175,1,1.1,1.8,1.5,60012,60100,2,0,8250,3,10,0,0,-25,21000400|21000401|21000402|21000403|21000404,40010003,2.75,-1,-1,150,270,9.45,3.5,1.5,0.675,0,0.675,FALSE,TRUE,1.5,1.1,0,0,0.05,0,0,2,0,30,1,5,80,2,Zealot_Die,Summon_Normal,EnemySummon2.5,0.25,0.3,Zealot_Hit,35,12,10,0,3000003,3000002,120,Enemy,Normal,Normal
311006,경찰 좀비 엘리트 군인,Blasphemy,-1,Boss,-1,-1,0,12,,TRUE,179,238,140,175,1,0.5,1.2,1.2,60011,60101,1.8,0,9000,2,10,-25,0,0,21000450|21000451|21000452|21000453,40010003,2.5,-1,-1,150,270,9.45,3.5,1.5,0.675,0.3,0.37500000000000006,FALSE,FALSE,4,2,0.7,1.5,0.05,0,0,2,0,30,1,5,80,2,ZombiePolice_Die,Summon_Normal,EnemySummon2.5,0.35,0.3,Zombie_Hit,35,12,10,0,3000003,3000002,120,Enemy,Normal,Normal
311007,경찰 좀비 엘리트 소방관,Blasphemy,-1,Boss,-1,-1,0,12,,TRUE,179,238,140,175,1,0.5,1.2,1.2,60011,60101,1.8,0,9000,2,10,-25,0,0,21000500|21000501|21000502|21000503|21000504|21000505,40010003,2.25,-1,-1,150,270,9.45,3.5,1.5,0.675,0.3,0.37500000000000006,FALSE,FALSE,3,1,0.7,1,0.05,0,0,2,0,30,1,5,80,2,ZombiePolice_Die,Summon_Normal,EnemySummon2.5,0.35,0.3,Zombie_Hit,35,12,10,0,3000003,3000002,120,Enemy,Normal,Normal
311008,인형탈 엘리트 핑크,Machine,-1,Boss,-1,-1,0,12,,TRUE,173,230,140,175,1,0.3,1,1.5,60000|60013,60101,2.3,3.4499999999999997,9200,3,10,0,-25,0,21000100|21000101|21000102|21000103|21000104|21000105|21000106,40010003,2.25,-1,-1,150,270,9.45,3.5,1.5,0.675,0.25,0.42500000000000004,FALSE,TRUE,1.1,0.8,0,0,0.05,50,2,5,15,30,1,5,80,1.5,Mascot_Elite_Pink_Die,Summon_Normal,EnemySummon2.5,0.35,0.3,Mascot_Elite_Pink_Hit,45,12,10,0,3000003,3000002,120,Enemy,Fast,Normal
311009,인형탈 엘리트 레드 고양이,Machine,-1,Boss,-1,-1,0,12,,TRUE,169,225,140,175,1,0.4,1.1,1.5,60000|60012,60101,1.3,1.9500000000000002,8500,3,10,0,-25,0,21000150|21000151|21000152|21000153|21000154|21000155,40010003,2,-1,-1,150,270,9.45,3.5,1.5,0.675,0.25,0.42500000000000004,FALSE,TRUE,1.35,1,0,0,0.05,50,2,5,15,30,1,5,99,1.5,Mascot_Elite_Red_Die,Summon_Normal,EnemySummon2.5,0.35,0.3,Mascot_Hit,35,12,10,0,3000003,3000002,120,Enemy,Slow,Normal
311010,사도 엘리트 블랙,Human,-1,Boss,-1,-1,0,12,,TRUE,171,228,140,175,1,1,1.7,1.4,,60100,1,0,8800,2,10,0,0,-25,21000050|21000051|21000052|21000053|21000054|21000059,40010003,3,-1,-1,150,270,9.45,3.5,1.5,0.675,0.3,0.37500000000000006,FALSE,FALSE,6.4,5,3,5.5,0.05,0,2,5,10,30,1,5,50,1,Acolyte_Die,Summon_Normal,EnemySummon2.5,0.35,0.3,Acolyte_Hit,35,12,10,4,3000003,3000002,120,Enemy,Slow,Normal
311011,사도 엘리트 블루,Human,-1,Boss,-1,-1,0,12,,TRUE,171,228,140,175,1,1,1.7,1.4,,60100,1,0,8000,2,10,0,0,-25,21000055|21000056|21000057|21000058|21000059,40010003,2.5,-1,-1,150,270,9.45,3.5,1.5,0.675,0.3,0.37500000000000006,FALSE,FALSE,6.4,5,3,5.5,0.05,50,2,5,10,30,1,5,50,1,Acolyte_Elite_Angel_Die,Summon_Normal,EnemySummon2.5,0.35,0.3,Acolyte_Hit,35,12,10,0,3000003,3000002,120,Enemy,Slow,Normal
311012,좀비 엘리트 도끼 간호사,Blasphemy,-1,Boss,-1,-1,0,12,,TRUE,163,217,140,175,1,0.7,1.4,1.2,60000|60012,60101,1.6,2.4000000000000004,8000,1,10,-25,0,0,21000060|21000061|21000062|21000063|21000064|21000065,40010003,2.75,-1,-1,150,270,9.45,3.5,1.5,0.675,0.2,0.47500000000000003,FALSE,FALSE,6,2.5,1,2,0.05,0,0,2,0,30,1,2,50,1,Zombie_Female_Die,Summon_Normal,EnemySummon2,0.35,0.3,Zombie_Hit2,30,12,10,8,3000003,3000002,120,Enemy,Normal,Normal
311013,좀비 엘리트 금발 수영복,Blasphemy,-1,Boss,-1,-1,0,12,,TRUE,163,217,140,175,1,1,1.7,0.4,60012,60100,1.9,0,9000,1,10,-25,0,0,21000070|21000071|21000072|21000073,40010003,2.25,-1,-1,150,270,9.45,3.5,1.5,0.675,0.2,0.47500000000000003,FALSE,FALSE,6,2.75,1,2.5,0.05,0,0,2,0,30,1,2,50,1,Zombie_Female_Die,Summon_Normal,EnemySummon2,0.35,0.3,Zombie_Hit2,30,12,10,1,3000003,3000002,120,Enemy,Normal,Normal
311014,좀비 엘리트 안경,Blasphemy,-1,Boss,-1,-1,0,12,,TRUE,171,228,140,175,1,0.8,1.5,0.4,60014,60101,1,0,9500,1,10,-25,0,0,21000074|21000075,40010003,2,-1,-1,150,270,9.45,3.5,1.5,0.675,0.2,0.47500000000000003,FALSE,FALSE,0.65,0.6,0,0,0.05,0,0,2,0,30,1,0,0,0,Zombie_Male_Die,Summon_Normal,EnemySummon2,0.35,0.3,Zombie_Hit,30,12,10,0,3000003,3000002,120,Enemy,Slow,Normal
311015,좀비 엘리트 요리사,Blasphemy,-1,Boss,-1,-1,0,12,,TRUE,171,228,140,175,1,0.7,1.4,0.4,60011,60101,2,0,8800,1,10,-25,0,0,21000076|21000077|21000078|21000079|21000080,40010003,2,-1,-1,150,270,9.45,3.5,1.5,0.675,0.2,0.47500000000000003,FALSE,TRUE,2,1.95,0,0,0.05,0,0,2,0,30,1,2,50,1,Zombie_Male_Die2,Summon_Normal,EnemySummon2,0.35,0.3,Zombie_Hit,30,12,10,4,3000003,3000002,120,Enemy,Normal,Normal
500001,야마이누,Beast,-1,Normal,-1,-1,0,0,,FALSE,142,189,100,125,1,1.4,2.0999999999999996,1.4,60000|60011,60100,2.7,4.050000000000001,590,2,30,0,-25,0,20000000|20000050|20000001,,3,180,-1,150,270,8.91,3.3,1.3,0.5850000000000001,0.2,0.38500000000000006,FALSE,TRUE,2.2,1.8,0,0,3,50,2,2,10,30,1,3.5,50,1.5,Yamainu_Die,Summon_Normal,EnemySummon,0.25,0.3,Yamainu_Hit,30,0,-1,0,3000003,3000002,120,Enemy,Fast,Normal
500002,사도,Human,-1,Normal,-1,-1,0,0,,FALSE,154,205,100,125,1,1.3,2,1.3,,60100,1.3,0,900,2,25,0,0,-25,20000100|20000102,,3.5,210,-1,150,270,9.45,3.5,1.4,0.63,0.3,0.33,FALSE,FALSE,6.4,5,3,5.5,1.5,70,2,2,20,30,1.5,2,50,0.8,Acolyte_Die,Summon_Normal,EnemySummon2.5,0.35,0.3,Acolyte_Hit,35,0,-1,0,3000003,3000002,120,Enemy,Slow,Normal
500003,경찰 좀비,Blasphemy,-1,Normal,-1,-1,0,0,,FALSE,156,208,100,125,1,0.2,0.8999999999999999,1.2,60012,60101,1.1,0,900,2,25,-25,0,0,20000200|20000201|20000202,,2.5,210,-1,150,270,9.45,3.5,1.4,0.63,0.3,0.33,FALSE,FALSE,5,4,2,5,2,0,0,2,0,30,2,1,50,0.8,ZombiePolice_Die,Summon_Normal,EnemySummon2.5,0.35,0.3,Zombie_Hit,35,0,-1,0,3000003,3000002,120,Enemy,Slow,Normal
500004,순찰유령(마을),Eldritch,-1,Normal,-1,-1,0,0,,TRUE,196,261,100,125,1,1.3,2,1.5,60015,60100,1.8,0,650,1,25,0,0,-25,20060000|20060001|20060002,40010003,10,240,-1,150,270,10.26,3.8,1.9,0.855,0.44,0.415,FALSE,FALSE,10,5,2,5,8,75,2,2,35,0,0,3,75,2,BigEye_Die,Summon_Normal,EnemySummon2,0.54,0.3,BigEye_Hit,40,2,-1,5,3000003,3000002,120,Enemy,Normal,Wide
500005,인형탈,Machine,-1,Normal,-1,-1,0,0,,FALSE,163,217,100,125,1,0.2,0.8999999999999999,1.5,60000|60013,60101,2.2,3.3000000000000003,1170,3,25,0,-25,0,20000300|20000301|20000050|20000302,,2.5,210,-1,150,270,9.45,3.5,1.4,0.63,0.25,0.38,FALSE,TRUE,1,0.8,0,0,3,50,2,2,5,30,1,2,50,1.5,Mascot_Die,Summon_Normal,EnemySummon2.5,0.35,0.3,Mascot_Hit,35,0,-1,0,3000003,3000002,120,Enemy,Normal,Normal
500006,빅맨,Blasphemy,-1,Normal,-1,-1,0,0,,FALSE,190,253,120,150,1,1.2,1.9,1.5,60016,60100,1.5499999999999998,0,2200,6,20,-25,0,0,21002000|21002001,40010004,3.5,300,-1,150,270,9.45,3.5,2,0.9,0.78,0.12,FALSE,TRUE,2.7,1.75,0,0,3,50,0,2,0,30,2,0,0,0,Bigman_Die,Summon_Normal,EnemySummon3.5,0.55,0.3,Bigman_Hit,35,3,5,0,3000003,3000002,120,Enemy,Slow,Normal
500007,평사도,Human|Eldritch,-1,Normal,-1,-1,0,0,,FALSE,156,208,100,125,1,1.1,1.8,1.5,60000|60012,60100,2,3,1000,3,25,0,0,-25,20000600|20000050|20000601,,3,180,-1,150,270,9.45,3.5,1.4,0.63,0,0.63,FALSE,TRUE,1,0.8,0,0,3.5,30,2,2,10,30,1,1,50,0.5,Zealot_Die,Summon_Normal,EnemySummon2.5,0.25,0.3,Zealot_Hit,35,0,-1,0,3000003,3000002,120,Enemy,Normal,Normal
500008,고위사도,Eldritch,-1,Normal,-1,-1,0,0,,FALSE,178,237,120,150,1,0.5,1.2,1.5,60011,60101,1.8,0,2050,5,20,0,0,-25,20000500|20000501|20000502,40010004,3,300,-1,150,270,9.45,3.5,1.6,0.7200000000000001,0.45,0.2700000000000001,FALSE,TRUE,1.3,1.1,0,0,1.5,25,0,2,0,30,1.5,1,50,0.5,HighAcolyte_Die,Summon_Normal,EnemySummon3.5,0.55,0.3,HighAcolyte_Hit,35,3,5,0,3000003,3000002,95,Enemy,Normal,Normal
500011,좀비(단발여성),Blasphemy,-1,Normal,-1,-1,0,0,,FALSE,146,194,100,125,1,0.3,1,0.4,60012,60101,1.2,0,720,1,30,-25,0,0,20000401|20000407,,1,180,-1,150,270,8.1,3,1.3,0.5850000000000001,0.2,0.38500000000000006,FALSE,FALSE,0.9,0.6,0,0,2,50,0,2,0,30,1.5,0,0,0,Zombie_Female_Die,Summon_Normal,EnemySummon2,0.3,0.3,Zombie_Female_Hit,30,0,-1,0,3000003,3000002,120,Enemy,Slow,Narrow
500012,좀비(장발여성),Blasphemy,-1,Normal,-1,-1,0,0,,FALSE,146,194,100,125,1,0.35,1.0499999999999998,0.4,60001|60014,60101,0.55,1.6500000000000001,650,1,30,-25,0,0,20000400|20000406,,1,180,-1,150,270,8.1,3,1.3,0.5850000000000001,0.2,0.38500000000000006,FALSE,FALSE,2.1,1.7,0,0,2,50,0,2,0,30,1.5,0,0,0,Zombie_Female_Die2,Summon_Normal,EnemySummon2,0.3,0.3,Zombie_Female_Hit,30,0,-1,0,3000003,3000002,120,Enemy,Slow,Narrow
500013,좀비(대머리남성),Blasphemy,-1,Normal,-1,-1,0,0,,FALSE,146,194,100,125,1,0.35,1.0499999999999998,0.4,60014,60101,0.55,0,780,2,25,-25,0,0,20000402|20000405,,1,180,-1,150,270,8.1,3,1.3,0.5850000000000001,0.2,0.38500000000000006,FALSE,FALSE,1.4,1.3,0,0,2,50,0,2,0,30,1.5,0,0,0,Zombie_Male_Die,Summon_Normal,EnemySummon2,0.3,0.3,Zombie_Hit2,30,0,-1,0,3000003,3000002,120,Enemy,Slow,Narrow
500014,좀비(안전모),Blasphemy,-1,Normal,-1,-1,0,0,,FALSE,146,194,110,138,1,0.5,1.2,0.4,60015,60101,1,0,870,2,25,-25,0,0,20000403|20000407,40010004,1,180,-1,150,270,8.1,3,1.3,0.5850000000000001,0.2,0.38500000000000006,FALSE,FALSE,0.9,0.6,0,0,2,50,0,2,0,30,1.5,0,0,0,Zombie_Male_Die,Summon_Normal,EnemySummon2,0.3,0.3,Zombie_Helmet_Hit,30,0,-1,0,3000003,3000002,120,Enemy,Slow,Narrow
500015,좀비(간호사),Blasphemy,-1,Normal,-1,-1,0,0,,FALSE,146,194,100,125,1,0.3,1,0.4,60002|60014,60101,0.5,1.75,680,1,25,-25,0,0,20000404|20000402,,1,180,-1,150,270,8.1,3,1.3,0.5850000000000001,0.2,0.38500000000000006,FALSE,FALSE,5,3.5,1.5,2.2,2,50,0,2,0,30,1.5,0,0,0,Zombie_Female_Die,Summon_Normal,EnemySummon2,0.3,0.3,Zombie_Hit2,30,0,-1,0,3000003,3000002,120,Enemy,Slow,Narrow
500016,좀비(남성),Blasphemy,-1,Normal,-1,-1,0,0,,FALSE,146,194,100,125,1,0.4,1.1,0.4,60001|60015,60101,0.9,2.7,740,2,25,-25,0,0,20000403|20000407,,1,180,-1,150,270,8.1,3,1.3,0.5850000000000001,0.2,0.38500000000000006,FALSE,FALSE,0.9,0.6,0,0,2,50,0,2,0,30,1.5,0,0,0,Zombie_Male_Die2,Summon_Normal,EnemySummon2,0.3,0.3,Zombie_Male_Hit,30,0,-1,0,3000003,3000002,120,Enemy,Slow,Narrow
500017,마네킹(여성),Phantasm,2001,Normal,-1,-1,0,0,,FALSE,142,190,100,125,1,0.7,1.4,1.2,60012,60101,1.6,2.4000000000000004,780,2,25,0,0,-25,20001020|20001021|20001023,,0,180,-1,150,270,8.1,3,1.3,0.5850000000000001,0.2,0.38500000000000006,FALSE,TRUE,1.2,1,0,0,0.25,0,0,2,0,30,1,0,0,0,Mannequin_Die,Summon_Normal,EnemySummon2.5,0.35,0.3,Mannequin_Hit,50,0,-1,0,3000003,3000002,120,Enemy,Normal,Narrow
500018,마네킹(남성),Phantasm,2001,Normal,-1,-1,0,0,,FALSE,142,190,100,125,1,0.7,1.4,1.2,60012,60101,1.6,2.4000000000000004,780,2,25,0,0,-25,20001022|20001021|20001023,,0,180,-1,150,270,8.1,3,1.3,0.5850000000000001,0.2,0.38500000000000006,FALSE,TRUE,1.2,1,0,0,0.25,0,0,2,0,30,1,0,0,0,Mannequin_Die,Summon_Normal,EnemySummon2.5,0.35,0.3,Mannequin_Hit,50,0,-1,0,3000003,3000002,120,Enemy,Normal,Narrow
500019,거미(big),Machine,1001,Normal,-1,-1,0,0,,FALSE,146,195,100,125,1,0.6,1.2999999999999998,1.4,60011,60101,1.9,2.8499999999999996,850,2,25,0,-25,0,20001010|20001012|20001013|20001011,,2.5,210,-1,150,270,9.45,3.5,1.4,0.63,0.2,0.43,FALSE,FALSE,5,4,0,0,1.5,60,2,2,15,30,1.5,2,30,1.5,Spider_Die,Summon_Normal,EnemySummon2,0.3,0.3,City_Monster_Hit_Steel_Only,40,0,-1,3,3000003,3000002,180,Enemy,Normal,Normal
500020,딥원,Eldritch,1100,Normal,-1,-1,0,0,,FALSE,161,215,100,125,1,0.7,1.4,1.3,60011,60101,2,0,1150,2,25,-25,25,0,20002001|20002002,,0.5,240,-1,150,270,9.45,3.5,1.4,0.63,0.2,0.43,FALSE,TRUE,1.8,1.4,0,0,1.5,50,2,2,20,30,1,1,50,1,DeepOne_Die,Summon_Normal,EnemySummon2.5,0.35,0.3,DeepOne_Hit,50,0,-1,0,3000003,3000002,120,Enemy,Normal,Normal
500021,모니터맨,Machine,1001,Normal,-1,-1,0,0,,FALSE,150,200,100,125,1,1.3,2,1.5,60012,60100,2.2,0,1050,2,25,0,-25,0,20001000|20001001,,0.5,180,-1,150,270,9.45,3.5,1.4,0.63,0.2,0.43,FALSE,FALSE,1.15,0.85,0,0,2.5,50,2,2,35,30,1,2,100,1,MonitorMan_Die,Summon_Normal,EnemySummon2.5,0.35,0.3,City_Monster_Hit_With_Body,40,0,-1,0,3000003,3000002,180,Enemy,Normal,Normal
500022,박테리오 파지,Machine,1001,Normal,-1,-1,0,0,,FALSE,165,220,100,125,1,1,1.7,1.4,60012,60100,1.9,0,920,2,25,0,-25,0,20001080|20001081|20001082,,0.5,210,-1,150,270,8.91,3.3,1.5,0.675,0.2,0.47500000000000003,FALSE,FALSE,4.85,3.6,1.5,2.75,1.5,50,2,2,10,30,1,2,30,1,Phage_Die,Summon_Normal,EnemySummon2.5,0.375,0.3,City_Monster_Hit_Steel_Only,40,0,-1,0,3000003,3000002,180,Enemy,Normal,Normal
500023,소방수 - 도끼,Human,1002,Normal,-1,-1,0,0,,FALSE,161,215,100,125,1,1.4,2.0999999999999996,1.5,60015,60100,1.9,0,1050,2,25,25,0,-25,20001030|20001031|20001032|20001033,,0.5,180,-1,150,270,9.45,3.5,1.4,0.63,0.2,0.43,FALSE,FALSE,1.25,1.05,0.8,1.2,2,50,0,2,0,30,1,0.8,50,0.5,Firefighter_Die,Summon_Normal,EnemySummon2.5,0.35,0.3,Firefighter_Hit,30,0,-1,0,3000003,3000002,120,Enemy,Normal,Normal
500024,소방수 - 방패,Human,1002,Normal,-1,-1,0,0,,FALSE,150,200,100,125,1,1.6,2.3,1.5,60015,60100,2.1,0,1200,2,25,25,0,-25,20001030|20001041|20001040|20001032,,0.5,210,-1,150,270,9.45,3.5,1.4,0.63,0.2,0.43,FALSE,FALSE,1.2,1,0,0,2,0,0,2,0,30,1,0.8,50,0.5,Firefighter_Die,Summon_Normal,EnemySummon2.5,0.35,0.3,Firefighter_Hit,30,0,-1,0,3000003,3000002,120,Enemy,Normal,Normal
500025,소방수 - 화염방사,Human,1002,Normal,-1,-1,0,0,,FALSE,143,190,100,125,1,1.3,2,1.5,60015,60100,1.8,0,950,2,25,25,0,-25,20001050|20001051,20001052,3,240,-1,150,270,9.45,3.5,1.4,0.63,0.2,0.43,FALSE,FALSE,2.5,2.2,1.2,2.2,2,50,2,2,15,30,1,0.8,50,0.5,Firefighter_FireThrower_Die,Summon_Normal,EnemySummon2.5,0.35,0.3,Firefighter_Hit,30,0,-1,0,3000003,3000002,120,Enemy,Normal,Normal
500026,빨간 마스크,Phantasm,2001,Normal,-1,-1,0,0,,FALSE,161,215,120,150,1,0.5,1.2,1.8,60013,60101,2.5,3.75,2200,2,20,0,0,-25,20001060|20001061|20001062|20001063|20001064|20001065,,1,300,-1,150,270,8.91,3.3,1.4,0.63,0.2,0.43,FALSE,TRUE,2,1.2,0,0,5,50,2,2,10,30,1,0.5,60,1,Red_Mask_Die,Red_Mask_Laugh,EnemySummon2.5,0.35,0.3,Red_Mask_Hit,50,3,-1,0,3000003,3000002,120,Enemy,Fast,Normal
500027,순찰유령(도시),Eldritch,-1,Normal,-1,-1,0,0,,TRUE,196,261,100,125,1,1.3,2,1.5,60015,60100,1.8,0,650,1,25,0,0,-25,20060003|20060001|20060002,40010003,5,240,-1,150,270,10.125,3.75,1.9,0.855,0.44,0.415,FALSE,FALSE,10,5,2,5,8,80,2,2,35,0,0,10,90,2,BigEye_Die,Summon_Normal,EnemySummon2,0.54,0.3,BigEye_Hit,40,2,-1,5,3000003,3000002,0,Enemy,Normal,Wide
500029,오버로드,Machine,1001,Normal,-1,-1,0,0,,FALSE,158,210,100,125,1,0.7,1.4,1.5,60012,60101,1.6,0,900,2,25,0,-25,0,20001070|20001071|20001072,,1,210,-1,150,270,9.45,3.5,1.4,0.63,0.2,0.43,FALSE,TRUE,4.8,3.5,0,0,1.5,50,2,2,10,30,1,2,30,1,Overlord_Die,Summon_Normal,EnemySummon2.5,0.35,0.3,City_Monster_Hit_Steel_Only,40,0,-1,0,3000003,3000002,120,Enemy,Normal,Normal
500030,거미(small) 소환용,Machine,1001,Normal,-1,-1,0,0,,FALSE,113,150,100,125,1,1.1,1.8,1,60011,60100,2.4000000000000004,3.6000000000000005,450,2,25,0,-25,0,20001014|20001015,,3,-1,-1,360,100,9,9,9,4.05,0.2,3.8499999999999996,FALSE,FALSE,1.15,0.9,0,0,1,0,0,2,0,30,1,1,50,0.5,Spider_Die,Summon_Normal,EnemySummon,0.25,0.3,City_Monster_Hit_Steel_Only,50,0,-1,0,3000003,3000002,180,Enemy,Fast,Wide
500031,샷건맨,Human,1101,Normal,-1,-1,0,0,,FALSE,161,215,100,125,1,1.7,2.4,1.5,60015,60100,2.2,0,1150,2,25,0,-25,0,20002101,,2,210,-1,150,270,9.45,3.5,1.4,0.63,0.2,0.43,FALSE,FALSE,2,0.95,0,0,0.5,0,0,2,0,50,1,1.5,50,0.8,Soldier_Die,Summon_Normal,EnemySummon2.5,0.35,0.3,Zealot_Hit,30,0,-1,0,3000003,3000002,120,Enemy,Normal,Normal
500032,라이플맨,Human,1101,Normal,-1,-1,0,0,,FALSE,176,235,100,125,1,1.4,2.0999999999999996,1.5,60015,60100,1.9,0,980,2,25,0,-25,0,20002106|20002107,,3.5,210,-1,150,270,9.45,3.5,1.4,0.63,0.2,0.43,FALSE,FALSE,6.5,4,1.5,2.5,0.5,0,0,2,0,30,1,1.5,50,0.8,Soldier_Die,Summon_Normal,EnemySummon2.5,0.35,0.3,Zealot_Hit,30,0,-1,0,3000003,3000002,120,Enemy,Normal,Normal
700002,스파이더 마인,Machine,-1,Normal,-1,-1,0,0,,TRUE,163,217,200,250,1,3,3.7,1.8,,60100,3,,1500,0,99,0,0,0,40010006,40010005,1,-1,-1,360,100,3.5,3.5,3.5,1.125,0.9,0.22499999999999998,FALSE,FALSE,0,0,0,0,0,0,0,2,0,0,0,0,0,0,,Summon_Normal,EnemySummon,0.15,0.3,,0,0,-1,0,,,0,Enemy,Fast,Normal
800001,테스트용 빅맨(불 약점),Blasphemy,-1,Normal,-1,-1,0,0,,FALSE,163,217,100,125,1,0,0,1.8,,60101,0,,30000,0,10,-25,0,0,90000002,,1,-1,-1,150,270,9.45,3.5,2.3,0.9,0.78,0.12,FALSE,FALSE,0,0,0,0,0,0,0,2,0,0,1,0,0,0,Bigman_Die,Summon_Normal,EnemySummon3.5,0.35,0.3,Bigman_Hit,35,0,-1,0,3000003,3000002,120,Enemy,None,Normal
800002,테스트용 빅맨(물 약점),Blasphemy,-1,Normal,-1,-1,0,0,,FALSE,163,217,100,125,1,0,0,1.8,,60101,0,,30000,0,10,0,-25,0,90000002,,1,-1,-1,150,270,9.45,3.5,2.3,13.5,0.95,12.55,FALSE,FALSE,0,0,0,0,0,0,0,2,0,0,1,0,0,0,BossBigman_Die,Summon_Normal,EnemySummon4,0.35,0.3,Zealot_Hit,35,0,-1,0,3000003,3000002,120,Enemy,None,Normal
800003,테스트용 빅맨(풍 약점),Blasphemy,-1,Normal,-1,-1,0,0,,FALSE,163,217,100,125,1,0,0,1.8,,60101,0,,30000,0,10,0,0,-25,90000002,,1,-1,-1,150,270,9.45,3.5,2.3,13.5,0,13.5,FALSE,FALSE,0,0,0,0,0,0,0,2,0,0,1,0,0,0,Boss_SoulCollecter_Die,Summon_Normal,EnemySummon4,0.35,0.3,HighAcolyte_Hit,35,0,-1,0,3000003,3000002,120,Enemy,None,Normal
810001,다크영(퀘스트용),Eldritch,-1,Normal,-1,-1,0,0,,TRUE,10,13,800,1000,1,0,0,1.8,,60101,0,,99999,99999,10,0,0,-25,70000001,40010003,3,-1,-1,360,100,6.5,6.5,6.5,2.9250000000000003,,2.9250000000000003,FALSE,FALSE,0,0,0,0,0,0,0,2,0,0,0,0,0,0,Boss_DarkYoung_Die,Summon_Normal,EnemySummon4,0.6,0.3,Tentacle_Hit,50,30,10,15,,,0,Enemy,None,Wide
900001,인형탈(그림자),Phantasm,-1,Shadow,-1,-1,0,0,,TRUE,150,200,100,125,1,2,2.7,1.5,,60100,2,,1240,0,25,0,0,0,29000001,,2.5,-1,-1,360,100,30,30,30,,,,TRUE,FALSE,1.15,0.95,0,0,0,0,0,2,0,50,1,0,0,0,Shadow_Die,Summon_ShadowMonster,EnemySummon_shadow2.5,0.35,0.3,Shadow_Monster_Hit,35,0,-1,0,3000003,3000002,120,Enemy,Normal,Wide
900002,경찰 좀비(그림자),Phantasm,-1,Shadow,-1,-1,0,0,,TRUE,150,200,100,125,1,1.5,2.2,1.2,,60100,1.5,,930,0,25,0,0,0,29000002|29000003,,2.5,-1,-1,360,100,30,30,30,,,,TRUE,FALSE,5,4,2,3.5,0,0,0,2,0,50,1,0,0,0,Shadow_Die,Summon_ShadowMonster,EnemySummon_shadow2.5,0.35,0.3,Shadow_Monster_Hit,35,0,-1,0,3000003,3000002,120,Enemy,Slow,Wide
900003,다크영(그림자),Phantasm,-1,Shadow,-1,-1,0,0,,TRUE,173,230,100,125,1,2.3,3,1.8,,60100,2.3,,3800,0,10,0,0,0,29000004,,1,-1,-1,360,100,30,30,30,,,,TRUE,FALSE,1.5,1,0,0,0,0,0,2,0,50,1,0,0,0,Shadow_DarkYoung_Die,Summon_ShadowMonster,EnemySummon_shadow2.5,0.35,0.3,Shadow_Monster_Hit,35,5,5,0,3000003,3000002,90,Enemy,Fast,Wide
900004,가영(그림자),Phantasm,-1,Shadow,-1,-1,0,0,,TRUE,158,210,100,125,1,1.8,2.5,1.5,,60100,1.8,,1250,0,25,0,0,0,29000005,,2,-1,-1,360,100,30,30,30,,,,TRUE,FALSE,1.3,1,0,0,0,0,0,2,0,50,1,0,0,0,Shadow_Die,Summon_ShadowMonster,EnemySummon_shadow2.5,0.35,0.3,Shadow_Monster_Hit,35,5,2,0,3000003,3000002,120,Enemy,Normal,Wide
900005,노아(그림자),Phantasm,-1,Shadow,-1,-1,0,0,,TRUE,158,210,100,125,1,1.8,2.5,1.5,,60100,1.8,,1200,0,25,0,0,0,29000006,,3,-1,-1,360,100,30,30,30,,,,TRUE,FALSE,2,1.5,1,1.5,0,0,0,2,0,50,1,0,0,0,Shadow_Die,Summon_ShadowMonster,EnemySummon_shadow2.5,0.35,0.3,Shadow_Monster_Hit,35,5,2,0,3000003,3000002,120,Enemy,Normal,Wide
900006,미오(그림자),Phantasm,-1,Shadow,-1,-1,0,0,,TRUE,158,210,100,125,1,1.8,2.5,1.5,,60100,1.8,,1100,0,25,0,0,0,29000007,,2.5,-1,-1,360,100,30,30,30,,,,TRUE,FALSE,5,4,2,3.5,0,0,0,2,0,50,1,0,0,0,Shadow_Die,Summon_ShadowMonster,EnemySummon_shadow2.5,0.35,0.3,Shadow_Monster_Hit,35,5,2,0,3000003,3000002,120,Enemy,Normal,Wide
