Id,Memo,ExcludedNormalSpawnRange,RequiredZoneFlags,ExcludedZoneFlags,SpawnDistanceDatas,SpawnDatas
int,string,float,EZoneFlags,EZoneFlags,ZoneSpawnDistanceData[],ZoneObjectSpawnData[]
1001,웨이브 탈출구 (타운),6,"Outside","None","[{""ZoneSpawnId"":1002,""Min"":""20.000"",""Max"":""10000.000""},{""ZoneSpawnId"":1003,""Min"":""20.000"",""Max"":""10000.000""},{""ZoneSpawnId"":1004,""Min"":""20.000"",""Max"":""10000.000""},{""ZoneSpawnId"":1005,""Min"":""20.000"",""Max"":""10000.000""},{""ZoneSpawnId"":1006,""Min"":""20.000"",""Max"":""10000.000""},{""ZoneSpawnId"":1007,""Min"":""20.000"",""Max"":""10000.000""},{""ZoneSpawnId"":1008,""Min"":""20.000"",""Max"":""10000.000""}]","[{""$type"":""GameCommon.Data.ZoneExitSpawnData, De.Base"",""ExitId"":1002,""Offset"":""0:0:0""}]"
1002,웨이브 탈출구 (타운),6,"Outside","None","[{""ZoneSpawnId"":1001,""Min"":""20.000"",""Max"":""10000.000""},{""ZoneSpawnId"":1003,""Min"":""20.000"",""Max"":""10000.000""},{""ZoneSpawnId"":1004,""Min"":""20.000"",""Max"":""10000.000""},{""ZoneSpawnId"":1005,""Min"":""20.000"",""Max"":""10000.000""},{""ZoneSpawnId"":1006,""Min"":""20.000"",""Max"":""10000.000""},{""ZoneSpawnId"":1007,""Min"":""20.000"",""Max"":""10000.000""},{""ZoneSpawnId"":1008,""Min"":""20.000"",""Max"":""10000.000""}]","[{""$type"":""GameCommon.Data.ZoneExitSpawnData, De.Base"",""ExitId"":1002,""Offset"":""0:0:0""}]"
1003,웨이브 탈출구 (타운),6,"Outside","None","[{""ZoneSpawnId"":1001,""Min"":""20.000"",""Max"":""10000.000""},{""ZoneSpawnId"":1002,""Min"":""20.000"",""Max"":""10000.000""},{""ZoneSpawnId"":1004,""Min"":""20.000"",""Max"":""10000.000""},{""ZoneSpawnId"":1005,""Min"":""20.000"",""Max"":""10000.000""},{""ZoneSpawnId"":1006,""Min"":""20.000"",""Max"":""10000.000""},{""ZoneSpawnId"":1007,""Min"":""20.000"",""Max"":""10000.000""},{""ZoneSpawnId"":1008,""Min"":""20.000"",""Max"":""10000.000""}]","[{""$type"":""GameCommon.Data.ZoneExitSpawnData, De.Base"",""ExitId"":1002,""Offset"":""0:0:0""}]"
1004,웨이브 탈출구 (타운),6,"Outside","None","[{""ZoneSpawnId"":1001,""Min"":""20.000"",""Max"":""10000.000""},{""ZoneSpawnId"":1002,""Min"":""20.000"",""Max"":""10000.000""},{""ZoneSpawnId"":1003,""Min"":""20.000"",""Max"":""10000.000""},{""ZoneSpawnId"":1005,""Min"":""20.000"",""Max"":""10000.000""},{""ZoneSpawnId"":1006,""Min"":""20.000"",""Max"":""10000.000""},{""ZoneSpawnId"":1007,""Min"":""20.000"",""Max"":""10000.000""},{""ZoneSpawnId"":1008,""Min"":""20.000"",""Max"":""10000.000""}]","[{""$type"":""GameCommon.Data.ZoneExitSpawnData, De.Base"",""ExitId"":1002,""Offset"":""0:0:0""}]"
1005,안전 탈출구,6,"Outside","None","[{""ZoneSpawnId"":1001,""Min"":""20.000"",""Max"":""10000.000""},{""ZoneSpawnId"":1002,""Min"":""20.000"",""Max"":""10000.000""},{""ZoneSpawnId"":1003,""Min"":""20.000"",""Max"":""10000.000""},{""ZoneSpawnId"":1004,""Min"":""20.000"",""Max"":""10000.000""},{""ZoneSpawnId"":1006,""Min"":""20.000"",""Max"":""10000.000""},{""ZoneSpawnId"":1007,""Min"":""20.000"",""Max"":""10000.000""},{""ZoneSpawnId"":1008,""Min"":""20.000"",""Max"":""10000.000""}]","[{""$type"":""GameCommon.Data.ZoneExitSpawnData, De.Base"",""ExitId"":1006,""Offset"":""0:0:0""}]"
1006,안전 탈출구(표시),6,"Outside","None","[{""ZoneSpawnId"":1001,""Min"":""20.000"",""Max"":""10000.000""},{""ZoneSpawnId"":1002,""Min"":""20.000"",""Max"":""10000.000""},{""ZoneSpawnId"":1003,""Min"":""20.000"",""Max"":""10000.000""},{""ZoneSpawnId"":1004,""Min"":""20.000"",""Max"":""10000.000""},{""ZoneSpawnId"":1005,""Min"":""20.000"",""Max"":""10000.000""},{""ZoneSpawnId"":1007,""Min"":""20.000"",""Max"":""10000.000""},{""ZoneSpawnId"":1008,""Min"":""20.000"",""Max"":""10000.000""}]","[{""$type"":""GameCommon.Data.ZoneExitSpawnData, De.Base"",""ExitId"":1006,""Offset"":""0:0:0""}]"
1007,안전 탈출구(표시) ,6,"None","None","[{""ZoneSpawnId"":1001,""Min"":""20.000"",""Max"":""10000.000""},{""ZoneSpawnId"":1002,""Min"":""20.000"",""Max"":""10000.000""},{""ZoneSpawnId"":1003,""Min"":""20.000"",""Max"":""10000.000""},{""ZoneSpawnId"":1004,""Min"":""20.000"",""Max"":""10000.000""},{""ZoneSpawnId"":1005,""Min"":""20.000"",""Max"":""10000.000""},{""ZoneSpawnId"":1006,""Min"":""20.000"",""Max"":""10000.000""},{""ZoneSpawnId"":1008,""Min"":""20.000"",""Max"":""10000.000""}]","[{""$type"":""GameCommon.Data.ZoneExitSpawnData, De.Base"",""ExitId"":1006,""Offset"":""0:0:0""}]"
1008,안전 탈출구(표시),6,"None","None","[{""ZoneSpawnId"":1001,""Min"":""20.000"",""Max"":""10000.000""},{""ZoneSpawnId"":1002,""Min"":""20.000"",""Max"":""10000.000""},{""ZoneSpawnId"":1003,""Min"":""20.000"",""Max"":""10000.000""},{""ZoneSpawnId"":1004,""Min"":""20.000"",""Max"":""10000.000""},{""ZoneSpawnId"":1005,""Min"":""20.000"",""Max"":""10000.000""},{""ZoneSpawnId"":1006,""Min"":""20.000"",""Max"":""10000.000""},{""ZoneSpawnId"":1007,""Min"":""20.000"",""Max"":""10000.000""}]","[{""$type"":""GameCommon.Data.ZoneExitSpawnData, De.Base"",""ExitId"":1006,""Offset"":""0:0:0""}]"
1011,웨이브 탈출구 (도시),6,"Outside","None","[{""ZoneSpawnId"":1012,""Min"":""20.000"",""Max"":""10000.000""},{""ZoneSpawnId"":1013,""Min"":""20.000"",""Max"":""10000.000""},{""ZoneSpawnId"":1014,""Min"":""20.000"",""Max"":""10000.000""},{""ZoneSpawnId"":1015,""Min"":""20.000"",""Max"":""10000.000""},{""ZoneSpawnId"":1016,""Min"":""20.000"",""Max"":""10000.000""},{""ZoneSpawnId"":1017,""Min"":""20.000"",""Max"":""10000.000""},{""ZoneSpawnId"":1018,""Min"":""20.000"",""Max"":""10000.000""}]","[{""$type"":""GameCommon.Data.ZoneExitSpawnData, De.Base"",""ExitId"":1012,""Offset"":""0:0:0""}]"
1012,웨이브 탈출구 (도시),6,"Outside","None","[{""ZoneSpawnId"":1011,""Min"":""20.000"",""Max"":""10000.000""},{""ZoneSpawnId"":1013,""Min"":""20.000"",""Max"":""10000.000""},{""ZoneSpawnId"":1014,""Min"":""20.000"",""Max"":""10000.000""},{""ZoneSpawnId"":1015,""Min"":""20.000"",""Max"":""10000.000""},{""ZoneSpawnId"":1016,""Min"":""20.000"",""Max"":""10000.000""},{""ZoneSpawnId"":1017,""Min"":""20.000"",""Max"":""10000.000""},{""ZoneSpawnId"":1018,""Min"":""20.000"",""Max"":""10000.000""}]","[{""$type"":""GameCommon.Data.ZoneExitSpawnData, De.Base"",""ExitId"":1012,""Offset"":""0:0:0""}]"
1013,웨이브 탈출구 (도시),6,"Outside","None","[{""ZoneSpawnId"":1011,""Min"":""20.000"",""Max"":""10000.000""},{""ZoneSpawnId"":1012,""Min"":""20.000"",""Max"":""10000.000""},{""ZoneSpawnId"":1014,""Min"":""20.000"",""Max"":""10000.000""},{""ZoneSpawnId"":1015,""Min"":""20.000"",""Max"":""10000.000""},{""ZoneSpawnId"":1016,""Min"":""20.000"",""Max"":""10000.000""},{""ZoneSpawnId"":1017,""Min"":""20.000"",""Max"":""10000.000""},{""ZoneSpawnId"":1018,""Min"":""20.000"",""Max"":""10000.000""}]","[{""$type"":""GameCommon.Data.ZoneExitSpawnData, De.Base"",""ExitId"":1012,""Offset"":""0:0:0""}]"
1014,웨이브 탈출구 (도시),6,"Outside","None","[{""ZoneSpawnId"":1011,""Min"":""20.000"",""Max"":""10000.000""},{""ZoneSpawnId"":1012,""Min"":""20.000"",""Max"":""10000.000""},{""ZoneSpawnId"":1013,""Min"":""20.000"",""Max"":""10000.000""},{""ZoneSpawnId"":1015,""Min"":""20.000"",""Max"":""10000.000""},{""ZoneSpawnId"":1016,""Min"":""20.000"",""Max"":""10000.000""},{""ZoneSpawnId"":1017,""Min"":""20.000"",""Max"":""10000.000""},{""ZoneSpawnId"":1018,""Min"":""20.000"",""Max"":""10000.000""}]","[{""$type"":""GameCommon.Data.ZoneExitSpawnData, De.Base"",""ExitId"":1012,""Offset"":""0:0:0""}]"
1015,안전 탈출구 ,6,"Outside","None","[{""ZoneSpawnId"":1011,""Min"":""20.000"",""Max"":""10000.000""},{""ZoneSpawnId"":1012,""Min"":""20.000"",""Max"":""10000.000""},{""ZoneSpawnId"":1013,""Min"":""20.000"",""Max"":""10000.000""},{""ZoneSpawnId"":1014,""Min"":""20.000"",""Max"":""10000.000""},{""ZoneSpawnId"":1016,""Min"":""20.000"",""Max"":""10000.000""},{""ZoneSpawnId"":1017,""Min"":""20.000"",""Max"":""10000.000""},{""ZoneSpawnId"":1018,""Min"":""20.000"",""Max"":""10000.000""}]","[{""$type"":""GameCommon.Data.ZoneExitSpawnData, De.Base"",""ExitId"":1006,""Offset"":""0:0:0""}]"
1016,안전 탈출구(표시),6,"Outside","None","[{""ZoneSpawnId"":1011,""Min"":""20.000"",""Max"":""10000.000""},{""ZoneSpawnId"":1012,""Min"":""20.000"",""Max"":""10000.000""},{""ZoneSpawnId"":1013,""Min"":""20.000"",""Max"":""10000.000""},{""ZoneSpawnId"":1014,""Min"":""20.000"",""Max"":""10000.000""},{""ZoneSpawnId"":1015,""Min"":""20.000"",""Max"":""10000.000""},{""ZoneSpawnId"":1017,""Min"":""20.000"",""Max"":""10000.000""},{""ZoneSpawnId"":1018,""Min"":""20.000"",""Max"":""10000.000""}]","[{""$type"":""GameCommon.Data.ZoneExitSpawnData, De.Base"",""ExitId"":1006,""Offset"":""0:0:0""}]"
1017,안전 탈출구(표시) ,6,"Outside","None","[{""ZoneSpawnId"":1011,""Min"":""20.000"",""Max"":""10000.000""},{""ZoneSpawnId"":1012,""Min"":""20.000"",""Max"":""10000.000""},{""ZoneSpawnId"":1013,""Min"":""20.000"",""Max"":""10000.000""},{""ZoneSpawnId"":1014,""Min"":""20.000"",""Max"":""10000.000""},{""ZoneSpawnId"":1015,""Min"":""20.000"",""Max"":""10000.000""},{""ZoneSpawnId"":1016,""Min"":""20.000"",""Max"":""10000.000""},{""ZoneSpawnId"":1018,""Min"":""20.000"",""Max"":""10000.000""}]","[{""$type"":""GameCommon.Data.ZoneExitSpawnData, De.Base"",""ExitId"":1006,""Offset"":""0:0:0""}]"
1018,안전 탈출구(표시),6,"Outside","None","[{""ZoneSpawnId"":1011,""Min"":""20.000"",""Max"":""10000.000""},{""ZoneSpawnId"":1012,""Min"":""20.000"",""Max"":""10000.000""},{""ZoneSpawnId"":1013,""Min"":""20.000"",""Max"":""10000.000""},{""ZoneSpawnId"":1014,""Min"":""20.000"",""Max"":""10000.000""},{""ZoneSpawnId"":1015,""Min"":""20.000"",""Max"":""10000.000""},{""ZoneSpawnId"":1016,""Min"":""20.000"",""Max"":""10000.000""},{""ZoneSpawnId"":1017,""Min"":""20.000"",""Max"":""10000.000""}]","[{""$type"":""GameCommon.Data.ZoneExitSpawnData, De.Base"",""ExitId"":1006,""Offset"":""0:0:0""}]"
2001,타운 상급 존pt스폰,0,"None","PlayerSpawn, Custom1, Custom2, Custom3, Custom4, Custom5","[]","[{""$type"":""GameCommon.Data.ZoneRewardBoxSpawnData, De.Base"",""Forward"":""0:0:-1"",""RewardBoxId"":11100,""Offset"":""0:0:0""},{""$type"":""GameCommon.Data.ZoneMonsterSpawnData, De.Base"",""Forward"":""2:0:-2"",""UseSpawnGroup"":true,""MonsterSpawnGroupId"":200004,""MonsterId"":0,""Offset"":""0:0:0""}]"
2002,시티 상급 존pt스폰,0,"None","PlayerSpawn, Custom1, Custom2, Custom3, Custom4, Custom5","[]","[{""$type"":""GameCommon.Data.ZoneRewardBoxSpawnData, De.Base"",""Forward"":""0:0:-1"",""RewardBoxId"":21100,""Offset"":""0:0:0""},{""$type"":""GameCommon.Data.ZoneMonsterSpawnData, De.Base"",""Forward"":""2:0:-2"",""UseSpawnGroup"":true,""MonsterSpawnGroupId"":200008,""MonsterId"":0,""Offset"":""0:0:0""}]"
3001,성소,0,"None","PlayerSpawn, Custom1, Custom2, Custom3, Custom4, Custom5","[{""ZoneSpawnId"":3002,""Min"":""150.000"",""Max"":""10000.000""},{""ZoneSpawnId"":3003,""Min"":""150.000"",""Max"":""10000.000""}]","[{""$type"":""GameCommon.Data.ZoneSkillExecutorSpawnData, De.Base"",""SkillExecutorId"":10001,""Offset"":""0:0:0""}]"
3002,성소,0,"None","PlayerSpawn, Custom1, Custom2, Custom3, Custom4, Custom5","[{""ZoneSpawnId"":3001,""Min"":""150.000"",""Max"":""10000.000""},{""ZoneSpawnId"":3003,""Min"":""150.000"",""Max"":""10000.000""}]","[{""$type"":""GameCommon.Data.ZoneSkillExecutorSpawnData, De.Base"",""SkillExecutorId"":10001,""Offset"":""0:0:0""}]"
3003,성소 ,0,"None","PlayerSpawn, Custom1, Custom2, Custom3, Custom4, Custom5","[{""ZoneSpawnId"":3001,""Min"":""150.000"",""Max"":""10000.000""},{""ZoneSpawnId"":3002,""Min"":""150.000"",""Max"":""10000.000""}]","[{""$type"":""GameCommon.Data.ZoneSkillExecutorSpawnData, De.Base"",""SkillExecutorId"":10001,""Offset"":""0:0:0""}]"
3004,성소,0,"None","PlayerSpawn, Custom1, Custom2, Custom3, Custom4, Custom5","[{""ZoneSpawnId"":3001,""Min"":""150.000"",""Max"":""10000.000""},{""ZoneSpawnId"":3002,""Min"":""150.000"",""Max"":""10000.000""}]","[{""$type"":""GameCommon.Data.ZoneSkillExecutorSpawnData, De.Base"",""SkillExecutorId"":10001,""Offset"":""0:0:0""}]"
3005,성소,0,"None","PlayerSpawn, Custom1, Custom2, Custom3, Custom4, Custom5","[{""ZoneSpawnId"":3001,""Min"":""150.000"",""Max"":""10000.000""},{""ZoneSpawnId"":3002,""Min"":""150.000"",""Max"":""10000.000""}]","[{""$type"":""GameCommon.Data.ZoneSkillExecutorSpawnData, De.Base"",""SkillExecutorId"":10001,""Offset"":""0:0:0""}]"
10001,웨이브 탈출구 (타운) (Copy),6,"Outside","None","[{""ZoneSpawnId"":10002,""Min"":""20.000"",""Max"":""10000.000""},{""ZoneSpawnId"":10003,""Min"":""20.000"",""Max"":""10000.000""},{""ZoneSpawnId"":10004,""Min"":""20.000"",""Max"":""10000.000""}]","[{""$type"":""GameCommon.Data.ZoneExitSpawnData, De.Base"",""ExitId"":1000,""Offset"":""0:0:0""}]"
10002,웨이브 탈출구 (타운) (Copy) (Copy),6,"Outside","None","[{""ZoneSpawnId"":10001,""Min"":""20.000"",""Max"":""10000.000""},{""ZoneSpawnId"":10003,""Min"":""20.000"",""Max"":""10000.000""},{""ZoneSpawnId"":10004,""Min"":""20.000"",""Max"":""10000.000""}]","[{""$type"":""GameCommon.Data.ZoneExitSpawnData, De.Base"",""ExitId"":1000,""Offset"":""0:0:0""}]"
10003,웨이브 탈출구 (타운) (Copy) (Copy),6,"Outside","None","[{""ZoneSpawnId"":10001,""Min"":""20.000"",""Max"":""10000.000""},{""ZoneSpawnId"":10002,""Min"":""20.000"",""Max"":""10000.000""},{""ZoneSpawnId"":10004,""Min"":""20.000"",""Max"":""10000.000""}]","[{""$type"":""GameCommon.Data.ZoneExitSpawnData, De.Base"",""ExitId"":1000,""Offset"":""0:0:0""}]"
10004,웨이브 탈출구 (타운) (Copy) (Copy) (Copy),6,"Outside","None","[{""ZoneSpawnId"":10001,""Min"":""20.000"",""Max"":""10000.000""},{""ZoneSpawnId"":10002,""Min"":""20.000"",""Max"":""10000.000""},{""ZoneSpawnId"":10003,""Min"":""20.000"",""Max"":""10000.000""}]","[{""$type"":""GameCommon.Data.ZoneExitSpawnData, De.Base"",""ExitId"":1000,""Offset"":""0:0:0""}]"
400001,SC 사도,7,"None","None","[]","[{""$type"":""GameCommon.Data.ZoneQuestMarkerSpawnData, De.Base"",""QuestTaskId"":1104012,""Offset"":""0:0:0""},{""$type"":""GameCommon.Data.ZoneInteractiveTriggerSpawnData, De.Base"",""PrefabName"":""ZoneSpointLight"",""TriggerId"":999,""Offset"":""0:0:0""},{""$type"":""GameCommon.Data.ZoneMonsterSpawnData, De.Base"",""Forward"":""0:0:-1"",""UseSpawnGroup"":false,""MonsterSpawnGroupId"":220002,""MonsterId"":220002,""Offset"":""0:0:0""},{""$type"":""GameCommon.Data.ZoneMonsterSpawnData, De.Base"",""Forward"":""0:0:-1"",""UseSpawnGroup"":false,""MonsterSpawnGroupId"":220002,""MonsterId"":220002,""Offset"":""1:0:1""},{""$type"":""GameCommon.Data.ZoneMonsterSpawnData, De.Base"",""Forward"":""0:0:-1"",""UseSpawnGroup"":false,""MonsterSpawnGroupId"":220002,""MonsterId"":220002,""Offset"":""-1:0:0""}]"
400002,SC 사도,7,"None","None","[]","[{""$type"":""GameCommon.Data.ZoneQuestMarkerSpawnData, De.Base"",""QuestTaskId"":1104011,""Offset"":""0:0:0""},{""$type"":""GameCommon.Data.ZoneInteractiveTriggerSpawnData, De.Base"",""PrefabName"":""ZoneSpointLight"",""TriggerId"":999,""Offset"":""0:0:0""},{""$type"":""GameCommon.Data.ZoneMonsterSpawnData, De.Base"",""Forward"":""0:0:-1"",""UseSpawnGroup"":false,""MonsterSpawnGroupId"":220008,""MonsterId"":220008,""Offset"":""0:0:0""},{""$type"":""GameCommon.Data.ZoneMonsterSpawnData, De.Base"",""Forward"":""0:0:-1"",""UseSpawnGroup"":false,""MonsterSpawnGroupId"":0,""MonsterId"":200007,""Offset"":""1:0:0""},{""$type"":""GameCommon.Data.ZoneMonsterSpawnData, De.Base"",""Forward"":""0:0:-1"",""UseSpawnGroup"":false,""MonsterSpawnGroupId"":0,""MonsterId"":200007,""Offset"":""0:0:1""}]"
600002,SC 웨이브 책장,0,"Custom3","None","[]","[{""$type"":""GameCommon.Data.ZoneWaveExecutorSpawnData, De.Base"",""WaveExecutorId"":600002,""Offset"":""0:0:0""},{""$type"":""GameCommon.Data.ZoneInteractiveTriggerSpawnData, De.Base"",""PrefabName"":""ZoneSpointLight"",""TriggerId"":999,""Offset"":""0:0:0""}]"
600003,SC 웨이브 경찰차,0,"Custom2","None","[]","[{""$type"":""GameCommon.Data.ZoneWaveExecutorSpawnData, De.Base"",""WaveExecutorId"":600003,""Offset"":""0:0:0""},{""$type"":""GameCommon.Data.ZoneInteractiveTriggerSpawnData, De.Base"",""PrefabName"":""ZoneSpointLight"",""TriggerId"":999,""Offset"":""0:0:0""}]"
600004,SC 웨이브 마스크,0,"Custom1","None","[]","[{""$type"":""GameCommon.Data.ZoneWaveExecutorSpawnData, De.Base"",""WaveExecutorId"":600004,""Offset"":""0:0:0""},{""$type"":""GameCommon.Data.ZoneInteractiveTriggerSpawnData, De.Base"",""PrefabName"":""ZoneSpointLight"",""TriggerId"":999,""Offset"":""0:0:0""}]"
610001,NC 웨이브 석상,0,"None","None","[]","[{""$type"":""GameCommon.Data.ZoneWaveExecutorSpawnData, De.Base"",""WaveExecutorId"":610001,""Offset"":""0:0:0""},{""$type"":""GameCommon.Data.ZoneQuestMarkerSpawnData, De.Base"",""QuestTaskId"":105012,""Offset"":""0:0:0""},{""$type"":""GameCommon.Data.ZoneInteractiveTriggerSpawnData, De.Base"",""PrefabName"":""ZoneSpointLight"",""TriggerId"":999,""Offset"":""0:0:0""}]"
610002,NC 웨이브 티비타워,0,"None","None","[]","[{""$type"":""GameCommon.Data.ZoneWaveExecutorSpawnData, De.Base"",""WaveExecutorId"":610002,""Offset"":""0:0:0""},{""$type"":""GameCommon.Data.ZoneQuestMarkerSpawnData, De.Base"",""QuestTaskId"":201012,""Offset"":""0:0:0""},{""$type"":""GameCommon.Data.ZoneInteractiveTriggerSpawnData, De.Base"",""PrefabName"":""ZoneSpointLight"",""TriggerId"":999,""Offset"":""0:0:0""}]"
610003,NC 웨이브 석상 (Copy),0,"None","None","[]","[{""$type"":""GameCommon.Data.ZoneWaveExecutorSpawnData, De.Base"",""WaveExecutorId"":610001,""Offset"":""0:0:0""},{""$type"":""GameCommon.Data.ZoneQuestMarkerSpawnData, De.Base"",""QuestTaskId"":111012,""Offset"":""0:0:0""},{""$type"":""GameCommon.Data.ZoneInteractiveTriggerSpawnData, De.Base"",""PrefabName"":""ZoneSpointLight"",""TriggerId"":999,""Offset"":""0:0:0""}]"
610004,NC 웨이브 티비타워 (Copy),0,"None","None","[]","[{""$type"":""GameCommon.Data.ZoneWaveExecutorSpawnData, De.Base"",""WaveExecutorId"":610002,""Offset"":""0:0:0""},{""$type"":""GameCommon.Data.ZoneQuestMarkerSpawnData, De.Base"",""QuestTaskId"":209012,""Offset"":""0:0:0""},{""$type"":""GameCommon.Data.ZoneInteractiveTriggerSpawnData, De.Base"",""PrefabName"":""ZoneSpointLight"",""TriggerId"":999,""Offset"":""0:0:0""}]"
620001,특별 의뢰품,0,"None","None","[]","[{""$type"":""GameCommon.Data.ZoneInteractiveTriggerSpawnData, De.Base"",""PrefabName"":""ZoneSpointLight"",""TriggerId"":999,""Offset"":""0:0:0""},{""$type"":""GameCommon.Data.ZoneQuestMarkerSpawnData, De.Base"",""QuestTaskId"":206012,""Offset"":""0:0:0""},{""$type"":""GameCommon.Data.ZoneMonsterSpawnData, De.Base"",""Forward"":""0:0:1"",""UseSpawnGroup"":false,""MonsterSpawnGroupId"":0,""MonsterId"":240025,""Offset"":""0:0:-2""},{""$type"":""GameCommon.Data.ZoneMonsterSpawnData, De.Base"",""Forward"":""0:0:-1"",""UseSpawnGroup"":false,""MonsterSpawnGroupId"":0,""MonsterId"":240025,""Offset"":""0:0:2""},{""$type"":""GameCommon.Data.ZoneMonsterSpawnData, De.Base"",""Forward"":""-1:0:0"",""UseSpawnGroup"":false,""MonsterSpawnGroupId"":0,""MonsterId"":240025,""Offset"":""2:0:0""},{""$type"":""GameCommon.Data.ZoneRewardBoxSpawnData, De.Base"",""Forward"":""0:0:-1"",""RewardBoxId"":21400,""Offset"":""0:0:0""}]"
620002,특별 의뢰품 (Copy),0,"None","None","[]","[{""$type"":""GameCommon.Data.ZoneInteractiveTriggerSpawnData, De.Base"",""PrefabName"":""ZoneSpointLight"",""TriggerId"":999,""Offset"":""0:0:0""},{""$type"":""GameCommon.Data.ZoneQuestMarkerSpawnData, De.Base"",""QuestTaskId"":108012,""Offset"":""0:0:0""},{""$type"":""GameCommon.Data.ZoneMonsterSpawnData, De.Base"",""Forward"":""0:0:1"",""UseSpawnGroup"":false,""MonsterSpawnGroupId"":0,""MonsterId"":220008,""Offset"":""0:0:-2""},{""$type"":""GameCommon.Data.ZoneMonsterSpawnData, De.Base"",""Forward"":""0:0:-1"",""UseSpawnGroup"":false,""MonsterSpawnGroupId"":0,""MonsterId"":220008,""Offset"":""0:0:2""},{""$type"":""GameCommon.Data.ZoneMonsterSpawnData, De.Base"",""Forward"":""-1:0:0"",""UseSpawnGroup"":false,""MonsterSpawnGroupId"":0,""MonsterId"":220008,""Offset"":""2:0:0""},{""$type"":""GameCommon.Data.ZoneRewardBoxSpawnData, De.Base"",""Forward"":""0:0:-1"",""RewardBoxId"":11400,""Offset"":""0:0:0""}]"
620003,특별 의뢰품 (Copy),0,"None","None","[]","[{""$type"":""GameCommon.Data.ZoneInteractiveTriggerSpawnData, De.Base"",""PrefabName"":""ZoneSpointLight"",""TriggerId"":999,""Offset"":""0:0:0""},{""$type"":""GameCommon.Data.ZoneQuestMarkerSpawnData, De.Base"",""QuestTaskId"":211012,""Offset"":""0:0:0""},{""$type"":""GameCommon.Data.ZoneMonsterSpawnData, De.Base"",""Forward"":""0:0:1"",""UseSpawnGroup"":false,""MonsterSpawnGroupId"":0,""MonsterId"":200020,""Offset"":""0:0:-2""},{""$type"":""GameCommon.Data.ZoneMonsterSpawnData, De.Base"",""Forward"":""0:0:-1"",""UseSpawnGroup"":false,""MonsterSpawnGroupId"":0,""MonsterId"":200020,""Offset"":""0:0:2""},{""$type"":""GameCommon.Data.ZoneMonsterSpawnData, De.Base"",""Forward"":""-1:0:0"",""UseSpawnGroup"":false,""MonsterSpawnGroupId"":0,""MonsterId"":200020,""Offset"":""2:0:0""},{""$type"":""GameCommon.Data.ZoneRewardBoxSpawnData, De.Base"",""Forward"":""0:0:-1"",""RewardBoxId"":21500,""Offset"":""0:0:0""}]"
800000,SC 다이빙부스위치,0,"Custom5","None","[]","[{""$type"":""GameCommon.Data.ZoneInteractiveTriggerSpawnData, De.Base"",""PrefabName"":""InteractiveTrigger_inv"",""TriggerId"":800000,""Offset"":""0:0:0""}]"
800003,SC 시체(신도),0,"Custom1","None","[{""ZoneSpawnId"":600002,""Min"":""50.000"",""Max"":""10000.000""}]","[{""$type"":""GameCommon.Data.ZoneInteractiveTriggerSpawnData, De.Base"",""PrefabName"":""InteractiveTrigger_SCampaign3"",""TriggerId"":800003,""Offset"":""0:0:0""},{""$type"":""GameCommon.Data.ZoneInteractiveTriggerSpawnData, De.Base"",""PrefabName"":""ZoneSpointLight"",""TriggerId"":999,""Offset"":""0:0:0""}]"
800004,SC 시체(경좀),0,"Custom1","None","[]","[{""$type"":""GameCommon.Data.ZoneInteractiveTriggerSpawnData, De.Base"",""PrefabName"":""InteractiveTrigger_SCampaign4"",""TriggerId"":800004,""Offset"":""0:0:0""},{""$type"":""GameCommon.Data.ZoneInteractiveTriggerSpawnData, De.Base"",""PrefabName"":""ZoneSpointLight"",""TriggerId"":999,""Offset"":""0:0:0""}]"
800005,SC 보스 소환 (서장),0,"Custom4","None","[]","[{""$type"":""GameCommon.Data.ZoneInteractiveTriggerSpawnData, De.Base"",""PrefabName"":""ZoneSpointLight"",""TriggerId"":999,""Offset"":""0:0:0""},{""$type"":""GameCommon.Data.ZoneInteractiveTriggerSpawnData, De.Base"",""PrefabName"":""InteractiveTrigger_Blood"",""TriggerId"":800005,""Offset"":""0:0:0""},{""$type"":""GameCommon.Data.ZoneQuestMarkerSpawnData, De.Base"",""QuestTaskId"":1103011,""Offset"":""0:0:0""}]"
800006,SC 보스 소환 (소콜),0,"Custom1","None","[]","[{""$type"":""GameCommon.Data.ZoneInteractiveTriggerSpawnData, De.Base"",""PrefabName"":""ZoneSpointLight"",""TriggerId"":999,""Offset"":""0:0:0""},{""$type"":""GameCommon.Data.ZoneNpcSpawnData, De.Base"",""NpcId"":700402,""Offset"":""0:0:0""}]"
800007,SC 그림,0,"Custom2","None","[]","[{""$type"":""GameCommon.Data.ZoneInteractiveTriggerSpawnData, De.Base"",""PrefabName"":""InteractiveTrigger_inv"",""TriggerId"":800007,""Offset"":""0:0:0""},{""$type"":""GameCommon.Data.ZoneInteractiveTriggerSpawnData, De.Base"",""PrefabName"":""ZoneSpointLight"",""TriggerId"":999,""Offset"":""0:0:0""}]"
800008,클리너,0,"Custom1","None","[]","[{""$type"":""GameCommon.Data.ZoneInteractiveTriggerSpawnData, De.Base"",""PrefabName"":""InteractiveTrigger_SCampaign6"",""TriggerId"":800008,""Offset"":""0:0:0""},{""$type"":""GameCommon.Data.ZoneInteractiveTriggerSpawnData, De.Base"",""PrefabName"":""ZoneSpointLight"",""TriggerId"":999,""Offset"":""0:0:0""}]"
800009,튜토리얼 다크영4,0,"Custom4","None","[]","[{""$type"":""GameCommon.Data.ZoneMonsterSpawnData, De.Base"",""Forward"":""0:0:-1"",""UseSpawnGroup"":false,""MonsterSpawnGroupId"":0,""MonsterId"":810001,""Offset"":""0:0:0""}]"
800010,튜토리얼 엘라라1,0,"Custom1","None","[]","[{""$type"":""GameCommon.Data.ZoneInteractiveTriggerSpawnData, De.Base"",""PrefabName"":""InteractiveTrigger_Elara"",""TriggerId"":800010,""Offset"":""0:0:0""}]"
800011,튜토리얼 엘라라3,0,"Custom3","None","[]","[{""$type"":""GameCommon.Data.ZoneInteractiveTriggerSpawnData, De.Base"",""PrefabName"":""InteractiveTrigger_Elara"",""TriggerId"":800011,""Offset"":""0:0:0""},{""$type"":""GameCommon.Data.ZoneInteractiveTriggerSpawnData, De.Base"",""PrefabName"":""ZoneSpointLight"",""TriggerId"":999,""Offset"":""0:0:0""}]"
800012,튜토리얼 광원,0,"None","PlayerSpawn, Custom1, Custom2, Custom3, Custom4, Custom5","[]","[{""$type"":""GameCommon.Data.ZoneInteractiveTriggerSpawnData, De.Base"",""PrefabName"":""ZoneSpointLight"",""TriggerId"":999,""Offset"":""0:0:0""}]"
800013,튜토리얼 광원,0,"None","PlayerSpawn, Custom1, Custom2, Custom3, Custom4, Custom5","[]","[{""$type"":""GameCommon.Data.ZoneInteractiveTriggerSpawnData, De.Base"",""PrefabName"":""ZoneSpointLight"",""TriggerId"":999,""Offset"":""0:0:0""}]"
802001,빅맨 엘리트 ,0,"None","None","[]","[{""$type"":""GameCommon.Data.ZoneMonsterSpawnData, De.Base"",""Forward"":""0:0:-1"",""UseSpawnGroup"":true,""MonsterSpawnGroupId"":310003,""MonsterId"":0,""Offset"":""0:0:0""},{""$type"":""GameCommon.Data.ZoneInteractiveTriggerSpawnData, De.Base"",""PrefabName"":""ZoneSpointLight"",""TriggerId"":999,""Offset"":""0:0:0""}]"
802002,야마이누 엘리트 물안경 ,0,"None","None","[]","[{""$type"":""GameCommon.Data.ZoneMonsterSpawnData, De.Base"",""Forward"":""0:0:-1"",""UseSpawnGroup"":true,""MonsterSpawnGroupId"":310001,""MonsterId"":0,""Offset"":""0:0:0""},{""$type"":""GameCommon.Data.ZoneInteractiveTriggerSpawnData, De.Base"",""PrefabName"":""ZoneSpointLight"",""TriggerId"":999,""Offset"":""0:0:0""}]"
802003,야마이누 엘리트 점박이 ,0,"None","None","[]","[{""$type"":""GameCommon.Data.ZoneMonsterSpawnData, De.Base"",""Forward"":""0:0:-1"",""UseSpawnGroup"":true,""MonsterSpawnGroupId"":310002,""MonsterId"":0,""Offset"":""0:0:0""},{""$type"":""GameCommon.Data.ZoneInteractiveTriggerSpawnData, De.Base"",""PrefabName"":""ZoneSpointLight"",""TriggerId"":999,""Offset"":""0:0:0""}]"
802004,좀비 엘리트 도끼 간호사 ,0,"None","None","[]","[{""$type"":""GameCommon.Data.ZoneMonsterSpawnData, De.Base"",""Forward"":""0:0:-1"",""UseSpawnGroup"":true,""MonsterSpawnGroupId"":310012,""MonsterId"":0,""Offset"":""0:0:0""},{""$type"":""GameCommon.Data.ZoneInteractiveTriggerSpawnData, De.Base"",""PrefabName"":""ZoneSpointLight"",""TriggerId"":999,""Offset"":""0:0:0""}]"
802005,좀비 엘리트 금발 수영복 ,0,"None","None","[]","[{""$type"":""GameCommon.Data.ZoneMonsterSpawnData, De.Base"",""Forward"":""0:0:-1"",""UseSpawnGroup"":true,""MonsterSpawnGroupId"":310013,""MonsterId"":0,""Offset"":""0:0:0""},{""$type"":""GameCommon.Data.ZoneInteractiveTriggerSpawnData, De.Base"",""PrefabName"":""ZoneSpointLight"",""TriggerId"":999,""Offset"":""0:0:0""}]"
802006,좀비 엘리트 안경 ,0,"None","None","[]","[{""$type"":""GameCommon.Data.ZoneMonsterSpawnData, De.Base"",""Forward"":""0:0:-1"",""UseSpawnGroup"":true,""MonsterSpawnGroupId"":310014,""MonsterId"":0,""Offset"":""0:0:0""},{""$type"":""GameCommon.Data.ZoneInteractiveTriggerSpawnData, De.Base"",""PrefabName"":""ZoneSpointLight"",""TriggerId"":999,""Offset"":""0:0:0""}]"
802007,좀비 엘리트 요리사 ,0,"None","None","[]","[{""$type"":""GameCommon.Data.ZoneMonsterSpawnData, De.Base"",""Forward"":""0:0:-1"",""UseSpawnGroup"":true,""MonsterSpawnGroupId"":310015,""MonsterId"":0,""Offset"":""0:0:0""},{""$type"":""GameCommon.Data.ZoneInteractiveTriggerSpawnData, De.Base"",""PrefabName"":""ZoneSpointLight"",""TriggerId"":999,""Offset"":""0:0:0""}]"
802008,경찰 좀비 엘리트 군인 ,0,"None","None","[]","[{""$type"":""GameCommon.Data.ZoneMonsterSpawnData, De.Base"",""Forward"":""0:0:-1"",""UseSpawnGroup"":true,""MonsterSpawnGroupId"":310006,""MonsterId"":0,""Offset"":""0:0:0""},{""$type"":""GameCommon.Data.ZoneInteractiveTriggerSpawnData, De.Base"",""PrefabName"":""ZoneSpointLight"",""TriggerId"":999,""Offset"":""0:0:0""}]"
802009,경찰 좀비 엘리트 소방관 ,0,"None","None","[]","[{""$type"":""GameCommon.Data.ZoneMonsterSpawnData, De.Base"",""Forward"":""0:0:-1"",""UseSpawnGroup"":true,""MonsterSpawnGroupId"":310007,""MonsterId"":0,""Offset"":""0:0:0""},{""$type"":""GameCommon.Data.ZoneInteractiveTriggerSpawnData, De.Base"",""PrefabName"":""ZoneSpointLight"",""TriggerId"":999,""Offset"":""0:0:0""}]"
802010,인형탈 엘리트 핑크 ,0,"None","None","[]","[{""$type"":""GameCommon.Data.ZoneMonsterSpawnData, De.Base"",""Forward"":""0:0:-1"",""UseSpawnGroup"":true,""MonsterSpawnGroupId"":310008,""MonsterId"":0,""Offset"":""0:0:0""},{""$type"":""GameCommon.Data.ZoneInteractiveTriggerSpawnData, De.Base"",""PrefabName"":""ZoneSpointLight"",""TriggerId"":999,""Offset"":""0:0:0""}]"
802011,인형탈 엘리트 레드 고양이 ,0,"None","None","[]","[{""$type"":""GameCommon.Data.ZoneMonsterSpawnData, De.Base"",""Forward"":""0:0:-1"",""UseSpawnGroup"":true,""MonsterSpawnGroupId"":310009,""MonsterId"":0,""Offset"":""0:0:0""},{""$type"":""GameCommon.Data.ZoneInteractiveTriggerSpawnData, De.Base"",""PrefabName"":""ZoneSpointLight"",""TriggerId"":999,""Offset"":""0:0:0""}]"
802012,평사도 엘리트 크리스마스 ,0,"None","None","[]","[{""$type"":""GameCommon.Data.ZoneMonsterSpawnData, De.Base"",""Forward"":""0:0:-1"",""UseSpawnGroup"":true,""MonsterSpawnGroupId"":310004,""MonsterId"":0,""Offset"":""0:0:0""},{""$type"":""GameCommon.Data.ZoneInteractiveTriggerSpawnData, De.Base"",""PrefabName"":""ZoneSpointLight"",""TriggerId"":999,""Offset"":""0:0:0""}]"
802013,평사도 엘리트 도끼머리 ,0,"None","None","[]","[{""$type"":""GameCommon.Data.ZoneMonsterSpawnData, De.Base"",""Forward"":""0:0:-1"",""UseSpawnGroup"":true,""MonsterSpawnGroupId"":310005,""MonsterId"":0,""Offset"":""0:0:0""},{""$type"":""GameCommon.Data.ZoneInteractiveTriggerSpawnData, De.Base"",""PrefabName"":""ZoneSpointLight"",""TriggerId"":999,""Offset"":""0:0:0""}]"
802014,사도 엘리트 블랙 ,0,"None","None","[]","[{""$type"":""GameCommon.Data.ZoneMonsterSpawnData, De.Base"",""Forward"":""0:0:-1"",""UseSpawnGroup"":true,""MonsterSpawnGroupId"":310010,""MonsterId"":0,""Offset"":""0:0:0""},{""$type"":""GameCommon.Data.ZoneInteractiveTriggerSpawnData, De.Base"",""PrefabName"":""ZoneSpointLight"",""TriggerId"":999,""Offset"":""0:0:0""}]"
802015,사도 엘리트 블루 ,0,"None","None","[]","[{""$type"":""GameCommon.Data.ZoneMonsterSpawnData, De.Base"",""Forward"":""0:0:-1"",""UseSpawnGroup"":true,""MonsterSpawnGroupId"":310011,""MonsterId"":0,""Offset"":""0:0:0""},{""$type"":""GameCommon.Data.ZoneInteractiveTriggerSpawnData, De.Base"",""PrefabName"":""ZoneSpointLight"",""TriggerId"":999,""Offset"":""0:0:0""}]"
803001,빅맨 엘리트  (Copy),0,"None","None","[]","[{""$type"":""GameCommon.Data.ZoneMonsterSpawnData, De.Base"",""Forward"":""0:0:-1"",""UseSpawnGroup"":true,""MonsterSpawnGroupId"":311003,""MonsterId"":0,""Offset"":""0:0:0""},{""$type"":""GameCommon.Data.ZoneInteractiveTriggerSpawnData, De.Base"",""PrefabName"":""ZoneSpointLight"",""TriggerId"":999,""Offset"":""0:0:0""}]"
803002,야마이누 엘리트 물안경  (Copy),0,"None","None","[]","[{""$type"":""GameCommon.Data.ZoneMonsterSpawnData, De.Base"",""Forward"":""0:0:-1"",""UseSpawnGroup"":true,""MonsterSpawnGroupId"":311001,""MonsterId"":0,""Offset"":""0:0:0""},{""$type"":""GameCommon.Data.ZoneInteractiveTriggerSpawnData, De.Base"",""PrefabName"":""ZoneSpointLight"",""TriggerId"":999,""Offset"":""0:0:0""}]"
803003,야마이누 엘리트 점박이  (Copy),0,"None","None","[]","[{""$type"":""GameCommon.Data.ZoneMonsterSpawnData, De.Base"",""Forward"":""0:0:-1"",""UseSpawnGroup"":true,""MonsterSpawnGroupId"":311002,""MonsterId"":0,""Offset"":""0:0:0""},{""$type"":""GameCommon.Data.ZoneInteractiveTriggerSpawnData, De.Base"",""PrefabName"":""ZoneSpointLight"",""TriggerId"":999,""Offset"":""0:0:0""}]"
803004,좀비 엘리트 도끼 간호사  (Copy),0,"None","None","[]","[{""$type"":""GameCommon.Data.ZoneMonsterSpawnData, De.Base"",""Forward"":""0:0:-1"",""UseSpawnGroup"":true,""MonsterSpawnGroupId"":311012,""MonsterId"":0,""Offset"":""0:0:0""},{""$type"":""GameCommon.Data.ZoneInteractiveTriggerSpawnData, De.Base"",""PrefabName"":""ZoneSpointLight"",""TriggerId"":999,""Offset"":""0:0:0""}]"
803005,좀비 엘리트 금발 수영복  (Copy),0,"None","None","[]","[{""$type"":""GameCommon.Data.ZoneMonsterSpawnData, De.Base"",""Forward"":""0:0:-1"",""UseSpawnGroup"":true,""MonsterSpawnGroupId"":311013,""MonsterId"":0,""Offset"":""0:0:0""},{""$type"":""GameCommon.Data.ZoneInteractiveTriggerSpawnData, De.Base"",""PrefabName"":""ZoneSpointLight"",""TriggerId"":999,""Offset"":""0:0:0""}]"
803006,좀비 엘리트 안경  (Copy),0,"None","None","[]","[{""$type"":""GameCommon.Data.ZoneMonsterSpawnData, De.Base"",""Forward"":""0:0:-1"",""UseSpawnGroup"":true,""MonsterSpawnGroupId"":311014,""MonsterId"":0,""Offset"":""0:0:0""},{""$type"":""GameCommon.Data.ZoneInteractiveTriggerSpawnData, De.Base"",""PrefabName"":""ZoneSpointLight"",""TriggerId"":999,""Offset"":""0:0:0""}]"
803007,좀비 엘리트 요리사  (Copy),0,"None","None","[]","[{""$type"":""GameCommon.Data.ZoneMonsterSpawnData, De.Base"",""Forward"":""0:0:-1"",""UseSpawnGroup"":true,""MonsterSpawnGroupId"":311015,""MonsterId"":0,""Offset"":""0:0:0""},{""$type"":""GameCommon.Data.ZoneInteractiveTriggerSpawnData, De.Base"",""PrefabName"":""ZoneSpointLight"",""TriggerId"":999,""Offset"":""0:0:0""}]"
803008,경찰 좀비 엘리트 군인  (Copy),0,"None","None","[]","[{""$type"":""GameCommon.Data.ZoneMonsterSpawnData, De.Base"",""Forward"":""0:0:-1"",""UseSpawnGroup"":true,""MonsterSpawnGroupId"":311006,""MonsterId"":0,""Offset"":""0:0:0""},{""$type"":""GameCommon.Data.ZoneInteractiveTriggerSpawnData, De.Base"",""PrefabName"":""ZoneSpointLight"",""TriggerId"":999,""Offset"":""0:0:0""}]"
803009,경찰 좀비 엘리트 소방관  (Copy),0,"None","None","[]","[{""$type"":""GameCommon.Data.ZoneMonsterSpawnData, De.Base"",""Forward"":""0:0:-1"",""UseSpawnGroup"":true,""MonsterSpawnGroupId"":311007,""MonsterId"":0,""Offset"":""0:0:0""},{""$type"":""GameCommon.Data.ZoneInteractiveTriggerSpawnData, De.Base"",""PrefabName"":""ZoneSpointLight"",""TriggerId"":999,""Offset"":""0:0:0""}]"
803010,인형탈 엘리트 핑크  (Copy),0,"None","None","[]","[{""$type"":""GameCommon.Data.ZoneMonsterSpawnData, De.Base"",""Forward"":""0:0:-1"",""UseSpawnGroup"":true,""MonsterSpawnGroupId"":311008,""MonsterId"":0,""Offset"":""0:0:0""},{""$type"":""GameCommon.Data.ZoneInteractiveTriggerSpawnData, De.Base"",""PrefabName"":""ZoneSpointLight"",""TriggerId"":999,""Offset"":""0:0:0""}]"
803011,인형탈 엘리트 레드 고양이  (Copy),0,"None","None","[]","[{""$type"":""GameCommon.Data.ZoneMonsterSpawnData, De.Base"",""Forward"":""0:0:-1"",""UseSpawnGroup"":true,""MonsterSpawnGroupId"":311009,""MonsterId"":0,""Offset"":""0:0:0""},{""$type"":""GameCommon.Data.ZoneInteractiveTriggerSpawnData, De.Base"",""PrefabName"":""ZoneSpointLight"",""TriggerId"":999,""Offset"":""0:0:0""}]"
803012,평사도 엘리트 크리스마스  (Copy),0,"None","None","[]","[{""$type"":""GameCommon.Data.ZoneMonsterSpawnData, De.Base"",""Forward"":""0:0:-1"",""UseSpawnGroup"":true,""MonsterSpawnGroupId"":311004,""MonsterId"":0,""Offset"":""0:0:0""},{""$type"":""GameCommon.Data.ZoneInteractiveTriggerSpawnData, De.Base"",""PrefabName"":""ZoneSpointLight"",""TriggerId"":999,""Offset"":""0:0:0""}]"
803013,평사도 엘리트 도끼머리  (Copy),0,"None","None","[]","[{""$type"":""GameCommon.Data.ZoneMonsterSpawnData, De.Base"",""Forward"":""0:0:-1"",""UseSpawnGroup"":true,""MonsterSpawnGroupId"":311005,""MonsterId"":0,""Offset"":""0:0:0""},{""$type"":""GameCommon.Data.ZoneInteractiveTriggerSpawnData, De.Base"",""PrefabName"":""ZoneSpointLight"",""TriggerId"":999,""Offset"":""0:0:0""}]"
803014,사도 엘리트 블랙  (Copy),0,"None","None","[]","[{""$type"":""GameCommon.Data.ZoneMonsterSpawnData, De.Base"",""Forward"":""0:0:-1"",""UseSpawnGroup"":true,""MonsterSpawnGroupId"":311010,""MonsterId"":0,""Offset"":""0:0:0""},{""$type"":""GameCommon.Data.ZoneInteractiveTriggerSpawnData, De.Base"",""PrefabName"":""ZoneSpointLight"",""TriggerId"":999,""Offset"":""0:0:0""}]"
803015,사도 엘리트 블루  (Copy),0,"None","None","[]","[{""$type"":""GameCommon.Data.ZoneMonsterSpawnData, De.Base"",""Forward"":""0:0:-1"",""UseSpawnGroup"":true,""MonsterSpawnGroupId"":311011,""MonsterId"":0,""Offset"":""0:0:0""},{""$type"":""GameCommon.Data.ZoneInteractiveTriggerSpawnData, De.Base"",""PrefabName"":""ZoneSpointLight"",""TriggerId"":999,""Offset"":""0:0:0""}]"
900101,아주머니,0,"None","None","[]","[{""$type"":""GameCommon.Data.ZoneNpcSpawnData, De.Base"",""NpcId"":700200,""Offset"":""0:0:0""},{""$type"":""GameCommon.Data.ZoneInteractiveTriggerSpawnData, De.Base"",""PrefabName"":""ZoneSpointLight"",""TriggerId"":999,""Offset"":""0:0:0""}]"
900102,김장독,0,"None","None","[{""ZoneSpawnId"":900101,""Min"":""15.000"",""Max"":""50.000""}]","[{""$type"":""GameCommon.Data.ZoneInteractiveTriggerSpawnData, De.Base"",""PrefabName"":""InteractiveTrigger_mission1"",""TriggerId"":900102,""Offset"":""0:0:0""},{""$type"":""GameCommon.Data.ZoneInteractiveTriggerSpawnData, De.Base"",""PrefabName"":""ZoneSpointLight"",""TriggerId"":999,""Offset"":""0:0:0""}]"
900201,루카스,0,"None","None","[]","[{""$type"":""GameCommon.Data.ZoneNpcSpawnData, De.Base"",""NpcId"":700301,""Offset"":""0:0:0""},{""$type"":""GameCommon.Data.ZoneInteractiveTriggerSpawnData, De.Base"",""PrefabName"":""ZoneSpointLight"",""TriggerId"":999,""Offset"":""0:0:0""}]"
900202,울프스덴 위치,0,"None","None","[{""ZoneSpawnId"":900201,""Min"":""15.000"",""Max"":""50.000""}]","[{""$type"":""GameCommon.Data.ZoneInteractiveTriggerSpawnData, De.Base"",""PrefabName"":""InteractiveTrigger_mission2"",""TriggerId"":900202,""Offset"":""0:0:0""},{""$type"":""GameCommon.Data.ZoneInteractiveTriggerSpawnData, De.Base"",""PrefabName"":""ZoneSpointLight"",""TriggerId"":999,""Offset"":""0:0:0""}]"
900301,에블린,0,"None","None","[]","[{""$type"":""GameCommon.Data.ZoneNpcSpawnData, De.Base"",""NpcId"":700303,""Offset"":""0:0:0""},{""$type"":""GameCommon.Data.ZoneInteractiveTriggerSpawnData, De.Base"",""PrefabName"":""ZoneSpointLight"",""TriggerId"":999,""Offset"":""0:0:0""},{""$type"":""GameCommon.Data.ZoneCustomMarkerSpawnData, De.Base"",""CustomId"":700303,""MarkerName"":""NpcMarker"",""Offset"":""0:0:0""}]"
900302,냉장고,0,"None","None","[{""ZoneSpawnId"":900301,""Min"":""15.000"",""Max"":""50.000""}]","[{""$type"":""GameCommon.Data.ZoneInteractiveTriggerSpawnData, De.Base"",""PrefabName"":""InteractiveTrigger_mission3"",""TriggerId"":900302,""Offset"":""0:0:0""},{""$type"":""GameCommon.Data.ZoneInteractiveTriggerSpawnData, De.Base"",""PrefabName"":""ZoneSpointLight"",""TriggerId"":999,""Offset"":""0:0:0""}]"
900401,공사장좀비,0,"None","None","[]","[{""$type"":""GameCommon.Data.ZoneNpcSpawnData, De.Base"",""NpcId"":700212,""Offset"":""0:0:0""},{""$type"":""GameCommon.Data.ZoneInteractiveTriggerSpawnData, De.Base"",""PrefabName"":""ZoneSpointLight"",""TriggerId"":999,""Offset"":""0:0:0""}]"
900402,공구상자,0,"None","None","[{""ZoneSpawnId"":900401,""Min"":""15.000"",""Max"":""50.000""}]","[{""$type"":""GameCommon.Data.ZoneInteractiveTriggerSpawnData, De.Base"",""PrefabName"":""InteractiveTrigger_mission4"",""TriggerId"":0,""Offset"":""0:0:0""},{""$type"":""GameCommon.Data.ZoneInteractiveTriggerSpawnData, De.Base"",""PrefabName"":""ZoneSpointLight"",""TriggerId"":999,""Offset"":""0:0:0""}]"
900501,에드먼,0,"None","None","[]","[{""$type"":""GameCommon.Data.ZoneNpcSpawnData, De.Base"",""NpcId"":700306,""Offset"":""0:0:0""},{""$type"":""GameCommon.Data.ZoneInteractiveTriggerSpawnData, De.Base"",""PrefabName"":""ZoneSpointLight"",""TriggerId"":999,""Offset"":""0:0:0""}]"
900502,금고,0,"None","None","[{""ZoneSpawnId"":900501,""Min"":""15.000"",""Max"":""50.000""}]","[{""$type"":""GameCommon.Data.ZoneInteractiveTriggerSpawnData, De.Base"",""PrefabName"":""InteractiveTrigger_mission5"",""TriggerId"":0,""Offset"":""0:0:0""},{""$type"":""GameCommon.Data.ZoneInteractiveTriggerSpawnData, De.Base"",""PrefabName"":""ZoneSpointLight"",""TriggerId"":999,""Offset"":""0:0:0""}]"
900601,악마,0,"None","None","[]","[{""$type"":""GameCommon.Data.ZoneNpcSpawnData, De.Base"",""NpcId"":700206,""Offset"":""0:0:0""},{""$type"":""GameCommon.Data.ZoneInteractiveTriggerSpawnData, De.Base"",""PrefabName"":""ZoneSpointLight"",""TriggerId"":999,""Offset"":""0:0:0""}]"
900701,평사제,0,"None","None","[]","[{""$type"":""GameCommon.Data.ZoneNpcSpawnData, De.Base"",""NpcId"":700204,""Offset"":""0:0:0""},{""$type"":""GameCommon.Data.ZoneInteractiveTriggerSpawnData, De.Base"",""PrefabName"":""ZoneSpointLight"",""TriggerId"":999,""Offset"":""0:0:0""}]"
900801,좀비간호사,0,"None","None","[]","[{""$type"":""GameCommon.Data.ZoneNpcSpawnData, De.Base"",""NpcId"":700211,""Offset"":""0:0:0""},{""$type"":""GameCommon.Data.ZoneInteractiveTriggerSpawnData, De.Base"",""PrefabName"":""ZoneSpointLight"",""TriggerId"":999,""Offset"":""0:0:0""}]"
900901,펠릭스,0,"None","None","[]","[{""$type"":""GameCommon.Data.ZoneNpcSpawnData, De.Base"",""NpcId"":700308,""Offset"":""0:0:0""},{""$type"":""GameCommon.Data.ZoneInteractiveTriggerSpawnData, De.Base"",""PrefabName"":""ZoneSpointLight"",""TriggerId"":999,""Offset"":""0:0:0""}]"
901001,하위사제,0,"None","None","[]","[{""$type"":""GameCommon.Data.ZoneNpcSpawnData, De.Base"",""NpcId"":700203,""Offset"":""0:0:0""},{""$type"":""GameCommon.Data.ZoneInteractiveTriggerSpawnData, De.Base"",""PrefabName"":""ZoneSpointLight"",""TriggerId"":999,""Offset"":""0:0:0""}]"
901002,녹음기,0,"None","None","[{""ZoneSpawnId"":901001,""Min"":""15.000"",""Max"":""50.000""}]","[{""$type"":""GameCommon.Data.ZoneInteractiveTriggerSpawnData, De.Base"",""PrefabName"":""InteractiveTrigger_mission6"",""TriggerId"":0,""Offset"":""0:0:0""},{""$type"":""GameCommon.Data.ZoneInteractiveTriggerSpawnData, De.Base"",""PrefabName"":""ZoneSpointLight"",""TriggerId"":999,""Offset"":""0:0:0""}]"
901101,고위사제,0,"None","None","[]","[{""$type"":""GameCommon.Data.ZoneNpcSpawnData, De.Base"",""NpcId"":700205,""Offset"":""0:0:0""},{""$type"":""GameCommon.Data.ZoneInteractiveTriggerSpawnData, De.Base"",""PrefabName"":""ZoneSpointLight"",""TriggerId"":999,""Offset"":""0:0:0""}]"
901102,성물,0,"None","None","[{""ZoneSpawnId"":901101,""Min"":""15.000"",""Max"":""50.000""}]","[{""$type"":""GameCommon.Data.ZoneInteractiveTriggerSpawnData, De.Base"",""PrefabName"":""InteractiveTrigger_mission7"",""TriggerId"":0,""Offset"":""0:0:0""},{""$type"":""GameCommon.Data.ZoneInteractiveTriggerSpawnData, De.Base"",""PrefabName"":""ZoneSpointLight"",""TriggerId"":999,""Offset"":""0:0:0""}]"
901201,좀비요리사,0,"None","None","[]","[{""$type"":""GameCommon.Data.ZoneNpcSpawnData, De.Base"",""NpcId"":700208,""Offset"":""0:0:0""},{""$type"":""GameCommon.Data.ZoneInteractiveTriggerSpawnData, De.Base"",""PrefabName"":""ZoneSpointLight"",""TriggerId"":999,""Offset"":""0:0:0""}]"
901202,냉장고2,0,"None","None","[{""ZoneSpawnId"":901201,""Min"":""15.000"",""Max"":""50.000""}]","[{""$type"":""GameCommon.Data.ZoneInteractiveTriggerSpawnData, De.Base"",""PrefabName"":""InteractiveTrigger_mission8"",""TriggerId"":0,""Offset"":""0:0:0""},{""$type"":""GameCommon.Data.ZoneInteractiveTriggerSpawnData, De.Base"",""PrefabName"":""ZoneSpointLight"",""TriggerId"":999,""Offset"":""0:0:0""}]"
901301,조이스,0,"None","None","[]","[{""$type"":""GameCommon.Data.ZoneNpcSpawnData, De.Base"",""NpcId"":700202,""Offset"":""0:0:0""},{""$type"":""GameCommon.Data.ZoneInteractiveTriggerSpawnData, De.Base"",""PrefabName"":""ZoneSpointLight"",""TriggerId"":999,""Offset"":""0:0:0""}]"
901302,드론,0,"None","None","[{""ZoneSpawnId"":901301,""Min"":""15.000"",""Max"":""50.000""}]","[{""$type"":""GameCommon.Data.ZoneInteractiveTriggerSpawnData, De.Base"",""PrefabName"":""InteractiveTrigger_mission9"",""TriggerId"":0,""Offset"":""0:0:0""},{""$type"":""GameCommon.Data.ZoneInteractiveTriggerSpawnData, De.Base"",""PrefabName"":""ZoneSpointLight"",""TriggerId"":999,""Offset"":""0:0:0""}]"
1102011,SC 웨이브 석상,0,"Custom1","None","[]","[{""$type"":""GameCommon.Data.ZoneInteractiveTriggerSpawnData, De.Base"",""PrefabName"":""ZoneSpointLight"",""TriggerId"":999,""Offset"":""0:0:0""},{""$type"":""GameCommon.Data.ZoneMonsterSpawnData, De.Base"",""Forward"":""0:0:1"",""UseSpawnGroup"":false,""MonsterSpawnGroupId"":0,""MonsterId"":220002,""Offset"":""0:0:-2""},{""$type"":""GameCommon.Data.ZoneMonsterSpawnData, De.Base"",""Forward"":""0:0:-1"",""UseSpawnGroup"":false,""MonsterSpawnGroupId"":0,""MonsterId"":220002,""Offset"":""0:0:2""},{""$type"":""GameCommon.Data.ZoneMonsterSpawnData, De.Base"",""Forward"":""-1:0:0"",""UseSpawnGroup"":false,""MonsterSpawnGroupId"":0,""MonsterId"":220002,""Offset"":""2:0:0""},{""$type"":""GameCommon.Data.ZoneMonsterSpawnData, De.Base"",""Forward"":""1:0:0"",""UseSpawnGroup"":false,""MonsterSpawnGroupId"":0,""MonsterId"":220002,""Offset"":""-2:0:0""},{""$type"":""GameCommon.Data.ZoneInteractiveTriggerSpawnData, De.Base"",""PrefabName"":""InteractiveTrigger_Stone"",""TriggerId"":1102011,""Offset"":""0:0:0""},{""$type"":""GameCommon.Data.ZoneQuestMarkerSpawnData, De.Base"",""QuestTaskId"":1102011,""Offset"":""0:0:0""}]"
1103011,포탈입구,0,"Custom1","None","[]","[{""$type"":""GameCommon.Data.ZoneInteractiveTriggerSpawnData, De.Base"",""PrefabName"":""ZoneSpointLight"",""TriggerId"":999,""Offset"":""0:0:0""}]"
1104011,SC 교전,0,"Custom1","None","[]","[{""$type"":""GameCommon.Data.ZoneInteractiveTriggerSpawnData, De.Base"",""PrefabName"":""ZoneSpointLight"",""TriggerId"":999,""Offset"":""0:0:0""},{""$type"":""GameCommon.Data.ZoneMonsterSpawnData, De.Base"",""Forward"":""0:0:1"",""UseSpawnGroup"":true,""MonsterSpawnGroupId"":311005,""MonsterId"":310005,""Offset"":""0:0:-2""},{""$type"":""GameCommon.Data.ZoneInteractiveTriggerSpawnData, De.Base"",""PrefabName"":""InteractiveTrigger_BodyZealot"",""TriggerId"":1104011,""Offset"":""0:0:0""},{""$type"":""GameCommon.Data.ZoneQuestMarkerSpawnData, De.Base"",""QuestTaskId"":1104011,""Offset"":""0:0:0""}]"
1104012,SC 교전열쇠,0,"Custom2","None","[]","[{""$type"":""GameCommon.Data.ZoneInteractiveTriggerSpawnData, De.Base"",""PrefabName"":""ZoneSpointLight"",""TriggerId"":999,""Offset"":""0:0:0""},{""$type"":""GameCommon.Data.ZoneMonsterSpawnData, De.Base"",""Forward"":""0:0:1"",""UseSpawnGroup"":false,""MonsterSpawnGroupId"":0,""MonsterId"":220002,""Offset"":""0:0:-2""},{""$type"":""GameCommon.Data.ZoneMonsterSpawnData, De.Base"",""Forward"":""0:0:-1"",""UseSpawnGroup"":false,""MonsterSpawnGroupId"":0,""MonsterId"":220002,""Offset"":""0:0:2""},{""$type"":""GameCommon.Data.ZoneMonsterSpawnData, De.Base"",""Forward"":""-1:0:0"",""UseSpawnGroup"":false,""MonsterSpawnGroupId"":0,""MonsterId"":220002,""Offset"":""2:0:0""},{""$type"":""GameCommon.Data.ZoneMonsterSpawnData, De.Base"",""Forward"":""1:0:0"",""UseSpawnGroup"":false,""MonsterSpawnGroupId"":0,""MonsterId"":220002,""Offset"":""-2:0:0""},{""$type"":""GameCommon.Data.ZoneMonsterSpawnData, De.Base"",""Forward"":""0:0:-1"",""UseSpawnGroup"":true,""MonsterSpawnGroupId"":311011,""MonsterId"":310010,""Offset"":""0:0:0""},{""$type"":""GameCommon.Data.ZoneQuestMarkerSpawnData, De.Base"",""QuestTaskId"":1104012,""Offset"":""0:0:0""}]"
